Prefix,FirstName,MiddleName,LastName,Suffix,Address,City,State,Zip+4,St/Dis,BioguideID,Party,Blue Dogs,Progressives,New Dems,Problem Solvers,Republican Governance Group / Tuesday Group,Freedom Caucus,Main Street Caucus,Republican Study Committee,The Squad / Justice Democrats,Republican Main Street Partnership,,,,
,,,,,,,,,,,,https://bluedogcaucus-golden.house.gov/members,https://progressives.house.gov/caucus-members,https://newdemocratcoalition.house.gov/members,https://problemsolverscaucus.house.gov/caucus-members,https://republicangovernance.com/,https://en.wikipedia.org/wiki/Freedom_Caucus,https://mainstreetcaucus.house.gov/membership,https://rsc-hern.house.gov/about/membership,https://justicedemocrats.com/candidates/#incumbent,https://www.republicanmainstreet.org/members,,,,
The Honorable,Alma,S.,Adams,, 2436 Rayburn House Office Building,Washington,DC,20515-3312,NC12,A000370,D,,Yes,,,,,,,,,,,,
The Honorable,Robert,B.,Aderholt,, 266 Cannon House Office Building,Washington,DC,20515-0104,AL04,A000055,R,,,,,,,,Yes,,,,,,
The Honorable,Pete,,Aguilar,, 108 Cannon House Office Building,Washington,DC,20515-0533,CA33,A000371,D,,,Yes,,,,,,,,,,,
The Honorable,Mark,,Alford,, 1516 Longworth House Office Building,Washington,DC,20515-2504,MO04,A000379,R,,,,,,,,Yes,,,,,,
The Honorable,Rick,W.,Allen,, 462 Cannon House Office Building,Washington,DC,20515-1012,GA12,A000372,R,,,,,,,,Yes,,,,,,
The Honorable,Colin,Z.,Allred,, 348 Cannon House Office Building,Washington,DC,20515-4332,TX32,A000376,D,,,Yes,,,,,,,,,,,
The Honorable,Gabe,,Amo,, 2233 Rayburn House Office Building,Washington,DC,20515-3901,RI01,A000380,D,,,,,,,,,,,,,,
The Honorable,Mark,E.,Amodei,, 104 Cannon House Office Building,Washington,DC,20515-2802,NV02,A000369,R,,,,,Yes,,,,,,,,,
The Honorable,Kelly,,Armstrong,, 2235 Rayburn House Office Building,Washington,DC,20515-3400,ND00,A000377,R,,,,,Yes,,Yes,Yes,,yes,,,,
The Honorable,Jodey,C.,Arrington,, 1107 Longworth House Office Building,Washington,DC,20515-4319,TX19,A000375,R,,,,,,,,Yes,,,,,,
The Honorable,Jake,,Auchincloss,, 1524 Longworth House Office Building,Washington,DC,20515-2104,MA04,A000148,D,,,,,,,,,,,,,,
The Honorable,Brian,,Babin,, 2236 Rayburn House Office Building,Washington,DC,20515-4336,TX36,B001291,R,,,,,,,,Yes,,,,,,
The Honorable,Don,,Bacon,, 2104 Rayburn House Office Building,Washington,DC,20515-2702,NE02,B001298,R,,,,Yes,Yes,,Yes,Yes,,yes,,,,
The Honorable,James,R.,Baird,, 2303 Rayburn House Office Building,Washington,DC,20515-1404,IN04,B001307,R,,,,,,,Yes,Yes,,,,,,
The Honorable,Troy,,Balderson,, 2429 Rayburn House Office Building,Washington,DC,20515-3512,OH12,B001306,R,,,,,Yes,,,Yes,,yes,,,,
The Honorable,Becca,,Balint,, 1408 Longworth House Office Building,Washington,DC,20515-4500,VT00,B001318,D,,Yes,,,,,,,,,,,,
The Honorable,Jim,,Banks,, 2418 Rayburn House Office Building,Washington,DC,20515-1403,IN03,B001299,R,,,,,,,,Yes,,,,,,
The Honorable,Andy,,Barr,, 2430 Rayburn House Office Building,Washington,DC,20515-1706,KY06,B001282,R,,,,,,,Yes,Yes,,yes,,,,
The Honorable,Nanette,Diaz,Barragán,, 2312 Rayburn House Office Building,Washington,DC,20515-0544,CA44,B001300,D,,Yes,,,,,,,,,,,,
The Honorable,Aaron,,Bean,, 1239 Longworth House Office Building,Washington,DC,20515-0904,FL04,B001314,R,,,,,,,Yes,Yes,,yes,,,,
The Honorable,Joyce,,Beatty,, 2079 Rayburn House Office Building,Washington,DC,20515-3503,OH03,B001281,D,,,,,,,,,,,,,,
The Honorable,Cliff,,Bentz,, 409 Cannon House Office Building,Washington,DC,20515-3702,OR02,B000668,R,,,,,Yes,,Yes,Yes,,yes,,,,
The Honorable,Ami,,Bera,, 172 Cannon House Office Building,Washington,DC,20515-0506,CA06,B001287,D,,,Yes,,,,,,,,,,,
The Honorable,Jack,,Bergman,, 566 Cannon House Office Building,Washington,DC,20515-2201,MI01,B001301,R,,,,,,,,Yes,,,,,,
The Honorable,Donald,S.,Beyer,Jr., 1119 Longworth House Office Building,Washington,DC,20515-4608,VA08,B001292,D,,Yes,Yes,,,,,,,,,,,
The Honorable,Stephanie,I.,Bice,, 2437 Rayburn House Office Building,Washington,DC,20515-3605,OK05,B000740,R,,,,,,,Yes,Yes,,yes,,,,
The Honorable,Andy,,Biggs,, 252 Cannon House Office Building,Washington,DC,20515-0305,AZ05,B001302,R,,,,,,Yes,,,,,,,,
The Honorable,Gus,M.,Bilirakis,, 2306 Rayburn House Office Building,Washington,DC,20515-0912,FL12,B001257,R,,,,,,,,Yes,,,,,,
The Honorable,Dan,,Bishop,, 2459 Rayburn House Office Building,Washington,DC,20515-3308,NC08,B001311,R,,,,,,Yes,,Yes,,,,,,
The Honorable,Sanford,D.,Bishop,Jr., 2407 Rayburn House Office Building,Washington,DC,20515-1002,GA02,B000490,D,Yes,,,,,,,,,,,,,
The Honorable,Earl,,Blumenauer,, 1111 Longworth House Office Building,Washington,DC,20515-3703,OR03,B000574,D,,Yes,,,,,,,,,,,,
The Honorable,Lisa,,Blunt Rochester,, 1724 Longworth House Office Building,Washington,DC,20515-0800,DE00,B001303,D,,Yes,Yes,,,,,,,,,,,
The Honorable,Lauren,,Boebert,, 1713 Longworth House Office Building,Washington,DC,20515-0603,CO03,B000825,R,,,,,,Yes,,Yes,,,,,,
The Honorable,Suzanne,,Bonamici,, 2231 Rayburn House Office Building,Washington,DC,20515-3701,OR01,B001278,D,,Yes,,,,,,,,,,,,
The Honorable,Mike,,Bost,, 352 Cannon House Office Building,Washington,DC,20515-1312,IL12,B001295,R,,,,,Yes,,Yes,Yes,,yes,,,,
The Honorable,Jamaal,,Bowman,, 345 Cannon House Office Building,Washington,DC,20515-3216,NY16,B001223,D,,Yes,,,,,,,Yes,,,,,
The Honorable,Brendan,F.,Boyle,, 1502 Longworth House Office Building,Washington,DC,20515-3802,PA02,B001296,D,,Yes,Yes,,,,,,,,,,,
The Honorable,Josh,,Brecheen,, 1208 Longworth House Office Building,Washington,DC,20515-3602,OK02,B001317,R,,,,,,Yes,,Yes,,,,,,
The Honorable,Shontel,M.,Brown,, 449 Cannon House Office Building,Washington,DC,20515-3511,OH11,B001313,D,,,Yes,,,,,,,,,,,
The Honorable,Julia,,Brownley,, 2262 Rayburn House Office Building,Washington,DC,20515-0526,CA26,B001285,D,,,Yes,,,,,,,,,,,
The Honorable,Vern,,Buchanan,, 2110 Rayburn House Office Building,Washington,DC,20515-0916,FL16,B001260,R,,,,,,,,Yes,,,,,,
The Honorable,Larry,,Bucshon,, 2313 Rayburn House Office Building,Washington,DC,20515-1408,IN08,B001275,R,,,,,,,Yes,Yes,,yes,,,,
The Honorable,Nikki,,Budzinski,, 1009 Longworth House Office Building,Washington,DC,20515-1313,IL13,B001315,D,,,Yes,,,,,,,,,,,
The Honorable,Tim,,Burchett,, 1122 Longworth House Office Building,Washington,DC,20515-4202,TN02,B001309,R,,,,,,,,,,,,,,
The Honorable,Michael,C.,Burgess,, 2161 Rayburn House Office Building,Washington,DC,20515-4326,TX26,B001248,R,,,,,Yes,,Yes,Yes,,yes,,,,
The Honorable,Eric,,Burlison,, 1108 Longworth House Office Building,Washington,DC,20515-2507,MO07,B001316,R,,,,,,Yes,,Yes,,,,,,
The Honorable,Cori,,Bush,, 2463 Rayburn House Office Building,Washington,DC,20515-2501,MO01,B001224,D,,Yes,,,,,,,Yes,,,,,
The Honorable,Ken,,Calvert,, 2205 Rayburn House Office Building,Washington,DC,20515-0541,CA41,C000059,R,,,,,,,Yes,,,yes,,,,
The Honorable,Kat,,Cammack,, 2421 Rayburn House Office Building,Washington,DC,20515-0903,FL03,C001039,R,,,,,,,,Yes,,,,,,
The Honorable,Yadira,,Caraveo,, 1024 Longworth House Office Building,Washington,DC,20515-0001,CO08,C001134,D,,,Yes,,,,,,,,,,,
The Honorable,Salud,O.,Carbajal,, 2331 Rayburn House Office Building,Washington,DC,20515-0524,CA24,C001112,D,,,Yes,Yes,,,,,,,,,,
The Honorable,Tony,,Cárdenas,, 2181 Rayburn House Office Building,Washington,DC,20515-0529,CA29,C001097,D,,,,,,,,,,,,,,
The Honorable,Mike,,Carey,, 1433 Longworth House Office Building,Washington,DC,20515-3515,OH15,C001126,R,,,,,,,Yes,Yes,,,,,,
The Honorable,Jerry,L.,Carl,, 1330 Longworth House Office Building,Washington,DC,20515-0101,AL01,C001054,R,,,,,,,,Yes,,,,,,
The Honorable,André,,Carson,, 2135 Rayburn House Office Building,Washington,DC,20515-1407,IN07,C001072,D,,Yes,Yes,,,,,,,,,,,
The Honorable,Earl,"L. ""Buddy""",Carter,, 2432 Rayburn House Office Building,Washington,DC,20515-1001,GA01,C001103,R,,,,,Yes,,Yes,Yes,,yes,,,,
The Honorable,John,R.,Carter,, 2208 Rayburn House Office Building,Washington,DC,20515-4331,TX31,C001051,R,,,,,,,,Yes,,,,,,
The Honorable,Troy,A.,Carter,, 442 Cannon House Office Building,Washington,DC,20515-1802,LA02,C001125,D,,Yes,Yes,,,,,,,,,,,
The Honorable,Matt,,Cartwright,, 2102 Rayburn House Office Building,Washington,DC,20515-3808,PA08,C001090,D,,Yes,,,,,,,,,,,,
The Honorable,Greg,,Casar,, 1339 Longworth House Office Building,Washington,DC,20515-4335,TX35,C001131,D,,Yes,,,,,,,Yes,,,,,
The Honorable,Ed,,Case,, 2210 Rayburn House Office Building,Washington,DC,20515-1101,HI01,C001055,D,,,Yes,Yes,,,,,,,,,,
The Honorable,Sean,,Casten,, 2440 Rayburn House Office Building,Washington,DC,20515-1306,IL06,C001117,D,,,Yes,,,,,,,,,,,
The Honorable,Kathy,,Castor,, 2052 Rayburn House Office Building,Washington,DC,20515-0914,FL14,C001066,D,,,,,,,,,,,,,,
The Honorable,Joaquin,,Castro,, 2241 Rayburn House Office Building,Washington,DC,20515-4320,TX20,C001091,D,,Yes,Yes,,,,,,,,,,,
The Honorable,Lori,,Chavez-DeRemer,, 1722 Longworth House Office Building,Washington,DC,20515-3705,OR05,C001135,R,,,,Yes,Yes,,Yes,,,yes,,,,
The Honorable,Sheila,,Cherfilus-McCormick,, 242 Cannon House Office Building,Washington,DC,20515-0920,FL20,C001127,D,,Yes,,,,,,,,,,,,
The Honorable,Judy,,Chu,, 2423 Rayburn House Office Building,Washington,DC,20515-0528,CA28,C001080,D,,Yes,,,,,,,,,,,,
The Honorable,Juan,,Ciscomani,, 1429 Longworth House Office Building,Washington,DC,20515-0306,AZ06,C001133,R,,,,Yes,Yes,,Yes,Yes,,yes,,,,
The Honorable,Katherine,M.,Clark,, 2368 Rayburn House Office Building,Washington,DC,20515-2105,MA05,C001101,D,,,,,,,,,,,,,,
The Honorable,Yvette,D.,Clarke,, 2058 Rayburn House Office Building,Washington,DC,20515-3209,NY09,C001067,D,,Yes,,,,,,,,,,,,
The Honorable,Emanuel,,Cleaver,, 2217 Rayburn House Office Building,Washington,DC,20515-2505,MO05,C001061,D,,,,,,,,,,,,,,
The Honorable,Ben,,Cline,, 2443 Rayburn House Office Building,Washington,DC,20515-4606,VA06,C001118,R,,,,Yes,,Yes,,Yes,,,,,,
The Honorable,Michael,,Cloud,, 171 Cannon House Office Building,Washington,DC,20515-4327,TX27,C001115,R,,,,,,Yes,,Yes,,,,,,
The Honorable,James,E.,Clyburn,, 274 Cannon House Office Building,Washington,DC,20515-4006,SC06,C000537,D,,,,,,,,,,,,,,
The Honorable,Andrew,S.,Clyde,, 445 Cannon House Office Building,Washington,DC,20515-1009,GA09,C001116,R,,,,,,Yes,,Yes,,,,,,
The Honorable,Steve,,Cohen,, 2268 Rayburn House Office Building,Washington,DC,20515-4209,TN09,C001068,D,,,,,,,,,,,,,,
The Honorable,Tom,,Cole,, 2207 Rayburn House Office Building,Washington,DC,20515-3604,OK04,C001053,R,,,,,,,,Yes,,,,,,
The Honorable,Mike,,Collins,, 1223 Longworth House Office Building,Washington,DC,20515-1010,GA10,C001129,R,,,,,,Yes,,Yes,,,,,,
The Honorable,James,,Comer,, 2410 Rayburn House Office Building,Washington,DC,20515-1701,KY01,C001108,R,,,,,,,,Yes,,,,,,
The Honorable,Gerald,E.,Connolly,, 2265 Rayburn House Office Building,Washington,DC,20515-4611,VA11,C001078,D,,,Yes,,,,,,,,,,,
The Honorable,J.,Luis,Correa,, 2301 Rayburn House Office Building,Washington,DC,20515-0546,CA46,C001110,D,Yes,,Yes,,,,,,,,,,,
The Honorable,Jim,,Costa,, 2081 Rayburn House Office Building,Washington,DC,20515-0521,CA21,C001059,D,Yes,,Yes,Yes,,,,,,,,,,
The Honorable,Joe,,Courtney,, 2449 Rayburn House Office Building,Washington,DC,20515-0702,CT02,C001069,D,,,Yes,,,,,,,,,,,
The Honorable,Angie,,Craig,, 2442 Rayburn House Office Building,Washington,DC,20515-2302,MN02,C001119,D,,,Yes,Yes,,,,,,,,,,
The Honorable,Elijah,,Crane,, 1229 Longworth House Office Building,Washington,DC,20515-0302,AZ02,C001132,R,,,,,,Yes,,,,,,,,
The Honorable,Eric,"A. ""Rick""",Crawford,, 2422 Rayburn House Office Building,Washington,DC,20515-0401,AR01,C001087,R,,,,,,,,,,,,,,
The Honorable,Dan,,Crenshaw,, 248 Cannon House Office Building,Washington,DC,20515-4302,TX02,C001120,R,,,,,,,Yes,Yes,,yes,,,,
The Honorable,Jasmine,,Crockett,, 1616 Longworth House Office Building,Washington,DC,20515-4330,TX30,C001130,D,,Yes,,,,,,,,,,,,
The Honorable,Jason,,Crow,, 1323 Longworth House Office Building,Washington,DC,20515-0606,CO06,C001121,D,,,Yes,,,,,,,,,,,
The Honorable,Henry,,Cuellar,, 2372 Rayburn House Office Building,Washington,DC,20515-4328,TX28,C001063,D,Yes,,Yes,Yes,,,,,,,,,,
The Honorable,John,R.,Curtis,, 2323 Rayburn House Office Building,Washington,DC,20515-4403,UT03,C001114,R,,,,Yes,Yes,,Yes,Yes,,yes,,,,
The Honorable,Anthony,,D'Esposito,, 1508 Longworth House Office Building,Washington,DC,20515-3204,NY04,D000632,R,,,,Yes,Yes,,,,,yes,,,,
The Honorable,Sharice,,Davids,, 2435 Rayburn House Office Building,Washington,DC,20515-1603,KS03,D000629,D,,,Yes,,,,,,,,,,,
The Honorable,Warren,,Davidson,, 2113 Rayburn House Office Building,Washington,DC,20515-3508,OH08,D000626,R,,,,,,,,Yes,,,,,,
The Honorable,Danny,K.,Davis,, 2159 Rayburn House Office Building,Washington,DC,20515-1307,IL07,D000096,D,,Yes,,,,,,,,,,,,
The Honorable,Donald,G.,Davis,, 1123 Longworth House Office Building,Washington,DC,20515-3301,NC01,D000230,D,,,Yes,Yes,,,,,,,,,,
The Honorable,Monica,,De La Cruz,, 1415 Longworth House Office Building,Washington,DC,20515-4315,TX15,D000594,R,,,,,,,Yes,Yes,,yes,,,,
The Honorable,Madeleine,,Dean,, 150 Cannon House Office Building,Washington,DC,20515-3804,PA04,D000631,D,,Yes,Yes,,,,,,,,,,,
The Honorable,Diana,,DeGette,, 2111 Rayburn House Office Building,Washington,DC,20515-0601,CO01,D000197,D,,Yes,,,,,,,,,,,,
The Honorable,Rosa,L.,DeLauro,, 2413 Rayburn House Office Building,Washington,DC,20515-0703,CT03,D000216,D,,Yes,,,,,,,,,,,,
The Honorable,Suzan,K.,DelBene,, 2330 Rayburn House Office Building,Washington,DC,20515-4701,WA01,D000617,D,,,Yes,,,,,,,,,,,
The Honorable,Christopher,R.,Deluzio,, 1222 Longworth House Office Building,Washington,DC,20515-3817,PA17,D000530,D,,,,,,,,,,,,,,
The Honorable,Mark,,DeSaulnier,, 503 Cannon House Office Building,Washington,DC,20515-0510,CA10,D000623,D,,yes,,,,,,,,,,,,
The Honorable,Scott,,DesJarlais,, 2304 Rayburn House Office Building,Washington,DC,20515-4204,TN04,D000616,R,,,,,,Yes,,Yes,,,,,,
The Honorable,Mario,,Diaz-Balart,, 374 Cannon House Office Building,Washington,DC,20515-0926,FL26,D000600,R,,,,,Yes,,Yes,,,yes,,,,
The Honorable,Debbie,,Dingell,, 102 Cannon House Office Building,Washington,DC,20515-2206,MI06,D000624,D,,Yes,,Yes,,,,,,,,,,
The Honorable,Lloyd,,Doggett,, 2307 Rayburn House Office Building,Washington,DC,20515-0001,TX37,D000399,D,,Yes,,,,,,,,,,,,
The Honorable,Byron,,Donalds,, 1719 Longworth House Office Building,Washington,DC,20515-0919,FL19,D000032,R,,,,,,Yes,,Yes,,,,,,
The Honorable,John,S.,Duarte,, 1535 Longworth House Office Building,Washington,DC,20515-0513,CA13,D000633,R,,,,,,,yes,,,yes,,,,
The Honorable,Jeff,,Duncan,, 2229 Rayburn House Office Building,Washington,DC,20515-4003,SC03,D000615,R,,,,,,Yes,,Yes,,,,,,
The Honorable,Neal,P.,Dunn,, 466 Cannon House Office Building,Washington,DC,20515-0902,FL02,D000628,R,,,,,,,,Yes,,,,,,
The Honorable,Chuck,,Edwards,, 1505 Longworth House Office Building,Washington,DC,20515-3311,NC11,E000246,R,,,,Yes,,,Yes,Yes,,yes,,,,
The Honorable,Jake,,Ellzey,, 1721 Longworth House Office Building,Washington,DC,20515-4306,TX06,E000071,R,,,,,,,Yes,Yes,,yes,,,,
The Honorable,Tom,,Emmer,, 464 Cannon House Office Building,Washington,DC,20515-2306,MN06,E000294,R,,,,,,,,Yes,,yes,,,,
The Honorable,Veronica,,Escobar,, 2448 Rayburn House Office Building,Washington,DC,20515-4316,TX16,E000299,D,,,Yes,,,,,,,,,,,
The Honorable,Anna,G.,Eshoo,, 272 Cannon House Office Building,Washington,DC,20515-0516,CA16,E000215,D,,,,,,,,,,,,,,
The Honorable,Adriano,,Espaillat,, 2332 Rayburn House Office Building,Washington,DC,20515-3213,NY13,E000297,D,,Yes,,,,,,,,,,,,
The Honorable,Ron,,Estes,, 2234 Rayburn House Office Building,Washington,DC,20515-1604,KS04,E000298,R,,,,,,,,Yes,,,,,,
The Honorable,Dwight,,Evans,, 1105 Longworth House Office Building,Washington,DC,20515-3803,PA03,E000296,D,,Yes,,,,,,,,,,,,
The Honorable,Mike,,Ezell,, 443 Cannon House Office Building,Washington,DC,20515-2404,MS04,E000235,R,,,,,,,,Yes,,,,,,
The Honorable,Pat,,Fallon,, 2416 Rayburn House Office Building,Washington,DC,20515-4304,TX04,F000246,R,,,,,,,,Yes,,,,,,
The Honorable,Randy,,Feenstra,, 1440 Longworth House Office Building,Washington,DC,20515-1504,IA04,F000446,R,,,,,,,Yes,Yes,,yes,,,,
The Honorable,A.,Drew,Ferguson,IV, 2239 Rayburn House Office Building,Washington,DC,20515-1003,GA03,F000465,R,,,,,,,,Yes,,,,,,
The Honorable,Brad,,Finstad,, 1605 Longworth House Office Building,Washington,DC,20515-2301,MN01,F000475,R,,,,,,,Yes,Yes,,yes,,,,
The Honorable,Michelle,,Fischbach,, 1004 Longworth House Office Building,Washington,DC,20515-2307,MN07,F000470,R,,,,,,,,Yes,,,,,,
The Honorable,Scott,,Fitzgerald,, 1507 Longworth House Office Building,Washington,DC,20515-4905,WI05,F000471,R,,,,,,,,Yes,,,,,,
The Honorable,Brian,K.,Fitzpatrick,, 271 Cannon House Office Building,Washington,DC,20515-3801,PA01,F000466,R,,,,Yes,Yes,,Yes,,,yes,,,,
The Honorable,Charles,"J. ""Chuck""",Fleischmann,, 2187 Rayburn House Office Building,Washington,DC,20515-4203,TN03,F000459,R,,,,,,,,Yes,,,,,,
The Honorable,Lizzie,,Fletcher,, 346 Cannon House Office Building,Washington,DC,20515-4307,TX07,F000468,D,,,Yes,,,,,,,,,,,
The Honorable,Mike,,Flood,, 343 Cannon House Office Building,Washington,DC,20515-2701,NE01,F000474,R,,,,,,,Yes,Yes,,yes,,,,
The Honorable,Vince,,Fong,, 2468 Rayburn House Office Building,Washington,DC,20515-0520,CA20,F000480,R,,,,,,,Yes,,,,,,,
The Honorable,Bill,,Foster,, 2366 Rayburn House Office Building,Washington,DC,20515-1311,IL11,F000454,D,,,Yes,,,,,,,,,,,
The Honorable,Valerie,P.,Foushee,, 1716 Longworth House Office Building,Washington,DC,20515-3304,NC04,F000477,D,,Yes,Yes,,,,,,,,,,,
The Honorable,Virginia,,Foxx,, 2462 Rayburn House Office Building,Washington,DC,20515-3305,NC05,F000450,R,,,,,,,,Yes,,,,,,
The Honorable,Lois,,Frankel,, 2305 Rayburn House Office Building,Washington,DC,20515-0922,FL22,F000462,D,,,,,,,,,,,,,,
The Honorable,Scott,,Franklin,, 249 Cannon House Office Building,Washington,DC,20515-0918,FL18,F000472,R,,,,,,,,Yes,,,,,,
The Honorable,Maxwell,,Frost,, 1224 Longworth House Office Building,Washington,DC,20515-0910,FL10,F000476,D,,yes,,,,,,,,,,,,
The Honorable,Russell,,Fry,, 1626 Longworth House Office Building,Washington,DC,20515-4007,SC07,F000478,R,,,,,,,,Yes,,,,,,
The Honorable,Russ,,Fulcher,, 1514 Longworth House Office Building,Washington,DC,20515-1201,ID01,F000469,R,,,,,,Yes,,Yes,,,,,,
The Honorable,Matt,,Gaetz,, 2021 Rayburn House Office Building,Washington,DC,20515-0901,FL01,G000578,R,,,,,,,,,,,,,,
The Honorable,Ruben,,Gallego,, 1114 Longworth House Office Building,Washington,DC,20515-0303,AZ03,G000574,D,,,,,,,,,,,,,,
The Honorable,John,,Garamendi,, 2004 Rayburn House Office Building,Washington,DC,20515-0508,CA08,G000559,D,,Yes,,,,,,,,,,,,
The Honorable,Andrew,R.,Garbarino,, 2344 Rayburn House Office Building,Washington,DC,20515-3202,NY02,G000597,R,,,,Yes,Yes,,YEs,,,yes,,,,
The Honorable,Mike,,Garcia,, 144 Cannon House Office Building,Washington,DC,20515-0527,CA27,G000061,R,,,,,,,,Yes,,,,,,
The Honorable,Robert,,Garcia,, 1305 Longworth House Office Building,Washington,DC,20515-0542,CA42,G000598,D,,Yes,,,,,,,,,,,,
The Honorable,Sylvia,R.,Garcia,, 2419 Rayburn House Office Building,Washington,DC,20515-4329,TX29,G000587,D,,,,,,,,,,,,,,
The Honorable,Jesús,"G. ""Chuy""",García,, 1519 Longworth House Office Building,Washington,DC,20515-1304,IL04,G000586,D,,Yes,,,,,,,,,,,,
The Honorable,Carlos,A.,Gimenez,, 448 Cannon House Office Building,Washington,DC,20515-0001,FL28,G000593,R,,,,,Yes,,Yes,Yes,,yes,,,,
The Honorable,Jared,F.,Golden,, 1710 Longworth House Office Building,Washington,DC,20515-1902,ME02,G000592,D,Yes,,,Yes,,,,,,,,,,
The Honorable,Daniel,S.,Goldman,, 245 Cannon House Office Building,Washington,DC,20515-3210,NY10,G000599,D,,Yes,,,,,,,,,,,,
The Honorable,Jimmy,,Gomez,, 506 Cannon House Office Building,Washington,DC,20515-0534,CA34,G000585,D,,Yes,,,,,,,,,,,,
The Honorable,Tony,,Gonzales,, 2244 Rayburn House Office Building,Washington,DC,20515-4323,TX23,G000594,R,,,,yes,,,,Yes,,,,,,
The Honorable,Vicente,,Gonzalez,, 154 Cannon House Office Building,Washington,DC,20515-4334,TX34,G000581,D,Yes,,Yes,,,,,,,,,,,
The Honorable,Jenniffer,,González-Colón,, 2338 Rayburn House Office Building,Washington,DC,20515-5401,PR00,G000582,R,,,,Yes,Yes,,Yes,,,,,,,
The Honorable,Bob,,Good,, 461 Cannon House Office Building,Washington,DC,20515-4605,VA05,G000595,R,,,,,,Yes,,Yes,,,,,,
The Honorable,Lance,,Gooden,, 2431 Rayburn House Office Building,Washington,DC,20515-4305,TX05,G000589,R,,,,,,,,Yes,,,,,,
The Honorable,Paul,A.,Gosar,, 2057 Rayburn House Office Building,Washington,DC,20515-0309,AZ09,G000565,R,,,,,,Yes,,Yes,,,,,,
The Honorable,Josh,,Gottheimer,, 203 Cannon House Office Building,Washington,DC,20515-3005,NJ05,G000583,D,Yes,,Yes,Yes,,,,,,,,,,
The Honorable,Kay,,Granger,, 2308 Rayburn House Office Building,Washington,DC,20515-4312,TX12,G000377,R,,,,,,,,Yes,,,,,,
The Honorable,Garret,,Graves,, 2402 Rayburn House Office Building,Washington,DC,20515-1806,LA06,G000577,R,,,,,,,,Yes,,,,,,
The Honorable,Sam,,Graves,, 1135 Longworth House Office Building,Washington,DC,20515-2506,MO06,G000546,R,,,,,,,,,,,,,,
The Honorable,Al,,Green,, 2347 Rayburn House Office Building,Washington,DC,20515-4309,TX09,G000553,D,,,,,,,,,,,,,,
The Honorable,Mark,E.,Green,, 2446 Rayburn House Office Building,Washington,DC,20515-4207,TN07,G000590,R,,,,,,Yes,,Yes,,,,,,
The Honorable,Marjorie,Taylor,Greene,, 403 Cannon House Office Building,Washington,DC,20515-1014,GA14,G000596,R,,,,,,,,Yes,,,,,,
The Honorable,H.,Morgan,Griffith,, 2202 Rayburn House Office Building,Washington,DC,20515-4609,VA09,G000568,R,,,,,,Yes,,,,,,,,
The Honorable,Raúl,M.,Grijalva,, 1203 Longworth House Office Building,Washington,DC,20515-0307,AZ07,G000551,D,,Yes,,,,,,,Yes,,,,,
The Honorable,Glenn,,Grothman,, 1511 Longworth House Office Building,Washington,DC,20515-4906,WI06,G000576,R,,,,,,,,Yes,,,,,,
The Honorable,Michael,,Guest,, 450 Cannon House Office Building,Washington,DC,20515-2403,MS03,G000591,R,,,,,,,Yes,Yes,,yes,,,,
The Honorable,Brett,,Guthrie,, 2434 Rayburn House Office Building,Washington,DC,20515-1702,KY02,G000558,R,,,,,,,YEs,Yes,,,,,,
The Honorable,Harriet,M.,Hageman,, 1531 Longworth House Office Building,Washington,DC,20515-5000,WY00,H001096,R,,,,,,Yes,,Yes,,,,,,
The Honorable,Josh,,Harder,, 209 Cannon House Office Building,Washington,DC,20515-0509,CA09,H001090,D,,,Yes,Yes,,,,,,,,,,
The Honorable,Andy,,Harris,, 1536 Longworth House Office Building,Washington,DC,20515-2001,MD01,H001052,R,,,,,,Yes,,,,,,,,
The Honorable,Diana,,Harshbarger,, 167 Cannon House Office Building,Washington,DC,20515-4201,TN01,H001086,R,,,,,,Yes,,Yes,,,,,,
The Honorable,Jahana,,Hayes,, 2458 Rayburn House Office Building,Washington,DC,20515-0705,CT05,H001081,D,,,,,,,,,,,,,,
The Honorable,Kevin,,Hern,, 1019 Longworth House Office Building,Washington,DC,20515-3601,OK01,H001082,R,,,,,,,,Yes,,,,,,
The Honorable,Clay,,Higgins,, 572 Cannon House Office Building,Washington,DC,20515-1803,LA03,H001077,R,,,,,,Yes,,Yes,,,,,,
The Honorable,J.,French,Hill,, 1533 Longworth House Office Building,Washington,DC,20515-0402,AR02,H001072,R,,,,,,,Yes,Yes,,,,,,
The Honorable,James,A.,Himes,, 2137 Rayburn House Office Building,Washington,DC,20515-0704,CT04,H001047,D,,,Yes,,,,,,,,,,,
The Honorable,Ashley,,Hinson,, 1717 Longworth House Office Building,Washington,DC,20515-1502,IA02,H001091,R,,,,,,,,Yes,,,,,,
The Honorable,Steven,,Horsford,, 406 Cannon House Office Building,Washington,DC,20515-2804,NV04,H001066,D,,Yes,Yes,Yes,,,,,,,,,,
The Honorable,Erin,,Houchin,, 1632 Longworth House Office Building,Washington,DC,20515-1409,IN09,H001093,R,,,,,,,Yes,Yes,,yes,,,,
The Honorable,Chrissy,,Houlahan,, 1727 Longworth House Office Building,Washington,DC,20515-3806,PA06,H001085,D,,,Yes,Yes,,,,,,,,,,
The Honorable,Steny,H.,Hoyer,, 1705 Longworth House Office Building,Washington,DC,20515-2005,MD05,H000874,D,,,,,,,,,,,,,,
The Honorable,Val,T.,Hoyle,, 1620 Longworth House Office Building,Washington,DC,20515-3704,OR04,H001094,D,,Yes,Yes,,,,,,,,,,,
The Honorable,Richard,,Hudson,, 2112 Rayburn House Office Building,Washington,DC,20515-3309,NC09,H001067,R,,,,,,,,Yes,,,,,,
The Honorable,Jared,,Huffman,, 2445 Rayburn House Office Building,Washington,DC,20515-0502,CA02,H001068,D,,yes,,,,,,,,,,,,
The Honorable,Bill,,Huizenga,, 2232 Rayburn House Office Building,Washington,DC,20515-2204,MI04,H001058,R,,,,,,,Yes,Yes,,yes,,,,
The Honorable,Wesley,,Hunt,, 1520 Longworth House Office Building,Washington,DC,20515-0001,TX38,H001095,R,,,,,,,,,,,,,,
The Honorable,Darrell,,Issa,, 2108 Rayburn House Office Building,Washington,DC,20515-0548,CA48,I000056,R,,,,,,,,Yes,,,,,,
The Honorable,Glenn,,Ivey,, 1529 Longworth House Office Building,Washington,DC,20515-2004,MD04,I000058,D,,,Yes,,,,,,,,,,,
The Honorable,Jeff,,Jackson,, 1318 Longworth House Office Building,Washington,DC,20515-0001,NC14,J000308,D,,,Yes,,,,,,,,,,,
The Honorable,Jonathan,L.,Jackson,, 1641 Longworth House Office Building,Washington,DC,20515-1301,IL01,J000309,D,,Yes,,,,,,,,,,,,
The Honorable,Ronny,,Jackson,, 446 Cannon House Office Building,Washington,DC,20515-4313,TX13,J000304,R,,,,,,,,Yes,,,,,,
The Honorable,Sara,,Jacobs,, 1314 Longworth House Office Building,Washington,DC,20515-0551,CA51,J000305,D,,Yes,Yes,,,,,,,,,,,
The Honorable,John,,James,, 1319 Longworth House Office Building,Washington,DC,20515-2210,MI10,J000307,R,,,,Yes,,,Yes,Yes,,,,,,
The Honorable,Pramila,,Jayapal,, 2346 Rayburn House Office Building,Washington,DC,20515-4707,WA07,J000298,D,,Yes,,,,,,,Yes,,,,,
The Honorable,Hakeem,S.,Jeffries,, 2433 Rayburn House Office Building,Washington,DC,20515-3208,NY08,J000294,D,,,,,,,,,,,,,,
The Honorable,Dusty,,Johnson,, 1714 Longworth House Office Building,Washington,DC,20515-4100,SD00,J000301,R,,,,Yes,,,Yes,Yes,,yes,,,,
The Honorable,Henry,"C. ""Hank""",Johnson,Jr., 2240 Rayburn House Office Building,Washington,DC,20515-1004,GA04,J000288,D,,Yes,,,,,,,,,,,,
The Honorable,Mike,,Johnson,, 568 Cannon House Office Building,Washington,DC,20515-1804,LA04,J000299,R,,,,,,,,Yes,,,,,,
The Honorable,Jim,,Jordan,, 2056 Rayburn House Office Building,Washington,DC,20515-3504,OH04,J000289,R,,,,,,Yes,,,,,,,,
The Honorable,David,P.,Joyce,, 2065 Rayburn House Office Building,Washington,DC,20515-3514,OH14,J000295,R,,,,Yes,Yes,,yes,,,yes,,,,
The Honorable,John,,Joyce,, 152 Cannon House Office Building,Washington,DC,20515-3813,PA13,J000302,R,,,,,,,,,,,,,,
The Honorable,Sydney,,Kamlager-Dove,, 1419 Longworth House Office Building,Washington,DC,20515-0537,CA37,K000400,D,,Yes,,,,,,,,,,,,
The Honorable,Marcy,,Kaptur,, 2186 Rayburn House Office Building,Washington,DC,20515-3509,OH09,K000009,D,,,,,,,,,,,,,,
The Honorable,Thomas,H.,Kean,Jr., 251 Cannon House Office Building,Washington,DC,20515-3007,NJ07,K000398,R,,,,Yes,Yes,,Yes,,,yes,,,,
The Honorable,William,R.,Keating,, 2351 Rayburn House Office Building,Washington,DC,20515-2109,MA09,K000375,D,,,Yes,,,,,,,,,,,
The Honorable,Mike,,Kelly,, 1707 Longworth House Office Building,Washington,DC,20515-3816,PA16,K000376,R,,,,,,,,Yes,,,,,,
The Honorable,Robin,L.,Kelly,, 2329 Rayburn House Office Building,Washington,DC,20515-1302,IL02,K000385,D,,,,,,,,,,,,,,
The Honorable,Trent,,Kelly,, 2243 Rayburn House Office Building,Washington,DC,20515-2401,MS01,K000388,R,,,,,,,,,,,,,,
The Honorable,Timothy,M.,Kennedy,, 2269 Rayburn House Office Building,Washington,DC,20515-3226,NY26,K000402,D,,,Yes,,,,,,,,,,,
The Honorable,Ro,,Khanna,, 306 Cannon House Office Building,Washington,DC,20515-0517,CA17,K000389,D,,Yes,,,,,,,Yes,,,,,
The Honorable,Jennifer,A.,Kiggans,, 1037 Longworth House Office Building,Washington,DC,20515-4602,VA02,K000399,R,,,,,Yes,,Yes,,,yes,,,,
The Honorable,Daniel,T.,Kildee,, 200 Cannon House Office Building,Washington,DC,20515-2208,MI08,K000380,D,,,,Yes,,,,,,,,,,
The Honorable,Kevin,,Kiley,, 1032 Longworth House Office Building,Washington,DC,20515-0503,CA03,K000401,R,,,,,,,YEs,Yes,,,,,,
The Honorable,Derek,,Kilmer,, 1226 Longworth House Office Building,Washington,DC,20515-4706,WA06,K000381,D,,,Yes,,,,,,,,,,,
The Honorable,Andy,,Kim,, 2444 Rayburn House Office Building,Washington,DC,20515-3003,NJ03,K000394,D,,Yes,,,,,,,,,,,,
The Honorable,Young,,Kim,, 1306 Longworth House Office Building,Washington,DC,20515-0540,CA40,K000397,R,,,,Yes,Yes,,Yes,,,yes,,,,
The Honorable,Raja,,Krishnamoorthi,, 2367 Rayburn House Office Building,Washington,DC,20515-1308,IL08,K000391,D,,,Yes,,,,,,,,,,,
The Honorable,Ann,M.,Kuster,, 2201 Rayburn House Office Building,Washington,DC,20515-2902,NH02,K000382,D,,,Yes,,,,,,,,,,,
The Honorable,David,,Kustoff,, 560 Cannon House Office Building,Washington,DC,20515-4208,TN08,K000392,R,,,,,,,,Yes,,,,,,
The Honorable,Darin,,LaHood,, 1424 Longworth House Office Building,Washington,DC,20515-1316,IL16,L000585,R,,,,,,,,Yes,,,,,,
The Honorable,Nick,,LaLota,, 1530 Longworth House Office Building,Washington,DC,20515-3201,NY01,L000598,R,,,,Yes,Yes,,Yes,Yes,,yes,,,,
The Honorable,Doug,,LaMalfa,, 408 Cannon House Office Building,Washington,DC,20515-0501,CA01,L000578,R,,,,,,,,Yes,,,,,,
The Honorable,Doug,,Lamborn,, 2371 Rayburn House Office Building,Washington,DC,20515-0605,CO05,L000564,R,,,,,,,,Yes,,,,,,
The Honorable,Greg,,Landsman,, 1432 Longworth House Office Building,Washington,DC,20515-3501,OH01,L000601,D,,,Yes,Yes,,,,,,,,,,
The Honorable,Nicholas,A.,Langworthy,, 1630 Longworth House Office Building,Washington,DC,20515-3223,NY23,L000600,R,,,,,,,Yes,Yes,,yes,,,,
The Honorable,Rick,,Larsen,, 2163 Rayburn House Office Building,Washington,DC,20515-4702,WA02,L000560,D,,,Yes,,,,,,,,,,,
The Honorable,John,B.,Larson,, 1501 Longworth House Office Building,Washington,DC,20515-0701,CT01,L000557,D,,,,,,,,,,,,,,
The Honorable,Robert,E.,Latta,, 2467 Rayburn House Office Building,Washington,DC,20515-3505,OH05,L000566,R,,,,,,,,Yes,,,,,,
The Honorable,Jake,,LaTurner,, 2441 Rayburn House Office Building,Washington,DC,20515-1602,KS02,L000266,R,,,,,,,,YEs,,,,,,
The Honorable,Michael,,Lawler,, 1013 Longworth House Office Building,Washington,DC,20515-3217,NY17,L000599,R,,,,Yes,Yes,,Yes,,,yes,,,,
The Honorable,Barbara,,Lee,, 2470 Rayburn House Office Building,Washington,DC,20515-0512,CA12,L000551,D,,Yes,,,,,,,,,,,,
The Honorable,Laurel,M.,Lee,, 1118 Longworth House Office Building,Washington,DC,20515-0915,FL15,L000597,R,,,,,Yes,,Yes,Yes,,yes,,,,
The Honorable,Summer,L.,Lee,, 243 Cannon House Office Building,Washington,DC,20515-3812,PA12,L000602,D,,Yes,,,,,,,Yes,,,,,
The Honorable,Susie,,Lee,, 365 Cannon House Office Building,Washington,DC,20515-2803,NV03,L000590,D,,,Yes,Yes,,,,,,,,,,
The Honorable,Teresa,,Leger Fernandez,, 1510 Longworth House Office Building,Washington,DC,20515-3103,NM03,L000273,D,,Yes,,,,,,,,,,,,
The Honorable,Debbie,,Lesko,, 1214 Longworth House Office Building,Washington,DC,20515-0308,AZ08,L000589,R,,,,,,Yes,,Yes,,,,,,
The Honorable,Julia,,Letlow,, 142 Cannon House Office Building,Washington,DC,20515-1805,LA05,L000595,R,,,,,Yes,,Yes,Yes,,yes,,,,
The Honorable,Mike,,Levin,, 2352 Rayburn House Office Building,Washington,DC,20515-0549,CA49,L000593,D,,Yes,,,,,,,,,,,,
The Honorable,Ted,,Lieu,, 2454 Rayburn House Office Building,Washington,DC,20515-0536,CA36,L000582,D,,Yes,,,,,,,,,,,,
The Honorable,Zoe,,Lofgren,, 1401 Longworth House Office Building,Washington,DC,20515-0518,CA18,L000397,D,,,,,,,,,,,,,,
The Honorable,Greg,,Lopez,, 2455 Rayburn House Office Building,Washington,DC,20515-0604,CO04,L000604,R,,,,,,,,,,,,,,
The Honorable,Barry,,Loudermilk,, 2133 Rayburn House Office Building,Washington,DC,20515-1011,GA11,L000583,R,,,,,,,,Yes,,,,,,
The Honorable,Frank,D.,Lucas,, 2405 Rayburn House Office Building,Washington,DC,20515-3603,OK03,L000491,R,,,,,,,,,,,,,,
The Honorable,Blaine,,Luetkemeyer,, 2230 Rayburn House Office Building,Washington,DC,20515-2503,MO03,L000569,R,,,,,,,,Yet,,,,,,
The Honorable,Anna Paulina,,Luna,, 1017 Longworth House Office Building,Washington,DC,20515-0913,FL13,L000596,R,,,,,,Yes,,Yes,,,,,,
The Honorable,Morgan,,Luttrell,, 1320 Longworth House Office Building,Washington,DC,20515-4308,TX08,L000603,R,,,,,,,,Yes,,,,,,
The Honorable,Stephen,F.,Lynch,, 2109 Rayburn House Office Building,Washington,DC,20515-2108,MA08,L000562,D,,,,,,,,,,,,,,
The Honorable,Nancy,,Mace,, 1728 Longworth House Office Building,Washington,DC,20515-4001,SC01,M000194,R,,,,,,,,,,,,,,
The Honorable,Seth,,Magaziner,, 1218 Longworth House Office Building,Washington,DC,20515-3902,RI02,M001223,D,,,,,,,,,,,,,,
The Honorable,Nicole,,Malliotakis,, 351 Cannon House Office Building,Washington,DC,20515-3211,NY11,M000317,R,,,,Yes,Yes,,Yes,Yes,,yes,,,,
The Honorable,Celeste,,Maloy,, 166 Cannon House Office Building,Washington,DC,20515-4402,UT02,M001228,R,,,,,,,Yes,,,yes,,,,
The Honorable,Tracey,,Mann,, 344 Cannon House Office Building,Washington,DC,20515-1601,KS01,M000871,R,,,,,,,,Yes,,,,,,
The Honorable,Kathy,E.,Manning,, 307 Cannon House Office Building,Washington,DC,20515-3306,NC06,M001135,D,,,Yes,,,,,,,,,,,
The Honorable,Thomas,,Massie,, 2453 Rayburn House Office Building,Washington,DC,20515-1704,KY04,M001184,R,,,,,,,,,,,,,,
The Honorable,Brian,J.,Mast,, 2182 Rayburn House Office Building,Washington,DC,20515-0921,FL21,M001199,R,,,,,,,,Yes,,,,,,
The Honorable,Doris,O.,Matsui,, 2311 Rayburn House Office Building,Washington,DC,20515-0507,CA07,M001163,D,,,,,,,,,,,,,,
The Honorable,Lucy,,McBath,, 2246 Rayburn House Office Building,Washington,DC,20515-1007,GA07,M001208,D,,,Yes,,,,,,,,,,,
The Honorable,Michael,T.,McCaul,, 2300 Rayburn House Office Building,Washington,DC,20515-4310,TX10,M001157,R,,,,,,,Yes,Yes,,yes,,,,
The Honorable,Lisa,C.,McClain,, 444 Cannon House Office Building,Washington,DC,20515-2209,MI09,M001136,R,,,,,,,Yes,Yes,,yes,,,,
The Honorable,Jennifer,L.,McClellan,, 2417 Rayburn House Office Building,Washington,DC,20515-4604,VA04,M001227,D,,Yes,Yes,,,,,,,,,,,
The Honorable,Tom,,McClintock,, 2256 Rayburn House Office Building,Washington,DC,20515-0505,CA05,M001177,R,,,,,,,,Yes,,,,,,
The Honorable,Betty,,McCollum,, 2426 Rayburn House Office Building,Washington,DC,20515-2304,MN04,M001143,D,,,,,,,,,,,,,,
The Honorable,Richard,,McCormick,, 1213 Longworth House Office Building,Washington,DC,20515-1006,GA06,M001218,R,,,,,,,,Yes,,,,,,
The Honorable,Morgan,,McGarvey,, 1527 Longworth House Office Building,Washington,DC,20515-1703,KY03,M001220,D,,Yes,Yes,,,,,,,,,,,
The Honorable,James,P.,McGovern,, 370 Cannon House Office Building,Washington,DC,20515-2102,MA02,M000312,D,,Yes,,,,,,,,,,,,
The Honorable,Patrick,T.,McHenry,, 2134 Rayburn House Office Building,Washington,DC,20515-3310,NC10,M001156,R,,,,,,,,Yes,,,,,,
The Honorable,LaMonica,,McIver,, 106 Cannon House Office Building,Washington,DC,20515-3010,NJ10,M001229,D,,,,,,,,,,,,,,
The Honorable,Gregory,W.,Meeks,, 2310 Rayburn House Office Building,Washington,DC,20515-3205,NY05,M001137,D,,,Yes,,,,,,,,,,,
The Honorable,Robert,,Menendez,, 1007 Longworth House Office Building,Washington,DC,20515-3008,NJ08,M001226,D,,,,,,,,,,,,,,
The Honorable,Grace,,Meng,, 2209 Rayburn House Office Building,Washington,DC,20515-3206,NY06,M001188,D,,Yes,,,,,,,,,,,,
The Honorable,Daniel,,Meuser,, 350 Cannon House Office Building,Washington,DC,20515-3809,PA09,M001204,R,,,,Yes,,,Yes,Yes,,yes,,,,
The Honorable,Kweisi,,Mfume,, 2263 Rayburn House Office Building,Washington,DC,20515-2007,MD07,M000687,D,,Yes,,,,,,,,,,,,
The Honorable,Carol,D.,Miller,, 465 Cannon House Office Building,Washington,DC,20515-4801,WV01,M001205,R,,,,,,,Yes,,,yes,,,,
The Honorable,Mary,E.,Miller,, 1740 Longworth House Office Building,Washington,DC,20515-1315,IL15,M001211,R,,,,,,Yes,,Yes,,,,,,
The Honorable,Max,L.,Miller,, 143 Cannon House Office Building,Washington,DC,20515-3507,OH07,M001222,R,,,,,,,Yes,Yes,,yes,,,,
The Honorable,Mariannette,,Miller-Meeks,, 1034 Longworth House Office Building,Washington,DC,20515-1501,IA01,M001215,R,,,,,Yes,,YEs,,,yes,,,,
The Honorable,Cory,,Mills,, 1237 Longworth House Office Building,Washington,DC,20515-0907,FL07,M001216,R,,,,,,,,Yes,,,,,,
The Honorable,Marcus,J.,Molinaro,, 1207 Longworth House Office Building,Washington,DC,20515-3219,NY19,M001221,R,,,,Yes,Yes,,Yes,,,yes,,,,
The Honorable,John,R.,Moolenaar,, 246 Cannon House Office Building,Washington,DC,20515-2202,MI02,M001194,R,,,,,,,Yes,Yes,,yes,,,,
The Honorable,Alexander,X.,Mooney,, 2228 Rayburn House Office Building,Washington,DC,20515-4802,WV02,M001195,R,,,,,,Yes,,Yes,,,,,,
The Honorable,Barry,,Moore,, 1504 Longworth House Office Building,Washington,DC,20515-0102,AL02,M001212,R,,,,,,Yes,,Yes,,,,,,
The Honorable,Blake,D.,Moore,, 1131 Longworth House Office Building,Washington,DC,20515-4401,UT01,M001213,R,,,,Yes,Yes,,YEs,Yes,,yes,,,,
The Honorable,Gwen,,Moore,, 2252 Rayburn House Office Building,Washington,DC,20515-4904,WI04,M001160,D,,Yes,,,,,,,,,,,,
The Honorable,Nathaniel,,Moran,, 1541 Longworth House Office Building,Washington,DC,20515-4301,TX01,M001224,R,,,,,,,Yes,Yes,,yes,,,,
The Honorable,Joseph,D.,Morelle,, 570 Cannon House Office Building,Washington,DC,20515-3225,NY25,M001206,D,,,Yes,,,,,,,,,,,
The Honorable,Jared,,Moskowitz,, 1130 Longworth House Office Building,Washington,DC,20515-0923,FL23,M001217,D,,,Yes,,,,,,,,,,,
The Honorable,Seth,,Moulton,, 1126 Longworth House Office Building,Washington,DC,20515-2106,MA06,M001196,D,,,Yes,,,,,,,,,,,
The Honorable,James,C.,Moylan,, 1628 Longworth House Office Building,Washington,DC,20515-5301,GU00,M001219,R,,,,Yes,,,,Yes,,,,,,
The Honorable,Frank,J.,Mrvan,, 1607 Longworth House Office Building,Washington,DC,20515-1401,IN01,M001214,D,,,Yes,,,,,,,,,,,
The Honorable,Kevin,,Mullin,, 1404 Longworth House Office Building,Washington,DC,20515-0515,CA15,M001225,D,,,,,,,,,,,,,,
The Honorable,Gregory,F.,Murphy,, 407 Cannon House Office Building,Washington,DC,20515-3303,NC03,M001210,R,,,,,,,Yes,Yes,,,,,,
The Honorable,Jerrold,,Nadler,, 2132 Rayburn House Office Building,Washington,DC,20515-3212,NY12,N000002,D,,Yes,,,,,,,,,,,,
The Honorable,Grace,F.,Napolitano,, 1610 Longworth House Office Building,Washington,DC,20515-0531,CA31,N000179,D,,Yes,,,,,,,,,,,,
The Honorable,Richard,E.,Neal,, 372 Cannon House Office Building,Washington,DC,20515-2101,MA01,N000015,D,,,,,,,,,,,,,,
The Honorable,Joe,,Neguse,, 2400 Rayburn House Office Building,Washington,DC,20515-0602,CO02,N000191,D,,Yes,,,,,,,,,,,,
The Honorable,Troy,E.,Nehls,, 1104 Longworth House Office Building,Washington,DC,20515-4322,TX22,N000026,R,,,,,,,,Yes,,,,,,
The Honorable,Dan,,Newhouse,, 504 Cannon House Office Building,Washington,DC,20515-4704,WA04,N000189,R,,,,,,,Yes,Yes,,yes,,,,
The Honorable,Wiley,,Nickel,, 1133 Longworth House Office Building,Washington,DC,20515-3313,NC13,N000194,D,Yes,,Yes,Yes,,,,,,,,,,
The Honorable,Donald,,Norcross,, 2427 Rayburn House Office Building,Washington,DC,20515-3001,NJ01,N000188,D,,Yes,Yes,Yes,,,,,,,,,,
The Honorable,Ralph,,Norman,, 569 Cannon House Office Building,Washington,DC,20515-4005,SC05,N000190,R,,,,,,Yes,,Yes,,,,,,
The Honorable,Eleanor,Holmes,Norton,, 2136 Rayburn House Office Building,Washington,DC,20515-5101,DC00,N000147,D,,Yes,,,,,,,,,,,,
The Honorable,Zachary,,Nunn,, 1232 Longworth House Office Building,Washington,DC,20515-1503,IA03,N000193,R,,,,,,,,Yes,,,,,,
The Honorable,Jay,,Obernolte,, 1029 Longworth House Office Building,Washington,DC,20515-0523,CA23,O000019,R,,,,,Yes,,Yes,Yes,,yes,,,,
The Honorable,Alexandria,,Ocasio-Cortez,, 250 Cannon House Office Building,Washington,DC,20515-3214,NY14,O000172,D,,Yes,,,,,,,Yes,,,,,
The Honorable,Andrew,,Ogles,, 151 Cannon House Office Building,Washington,DC,20515-4205,TN05,O000175,R,,,,,,Yes,,Yes,,,,,,
The Honorable,Ilhan,,Omar,, 1730 Longworth House Office Building,Washington,DC,20515-2305,MN05,O000173,D,,Yes,,,,,,,Yes,,,,,
The Honorable,Burgess,,Owens,, 309 Cannon House Office Building,Washington,DC,20515-4404,UT04,O000086,R,,,,,,,,Yes,,,,,,
The Honorable,Frank,,Pallone,Jr., 2107 Rayburn House Office Building,Washington,DC,20515-3006,NJ06,P000034,D,,,,,,,,,,,,,,
The Honorable,Gary,J.,Palmer,, 170 Cannon House Office Building,Washington,DC,20515-0106,AL06,P000609,R,,,,,,Yes,,Yes,,,,,,
The Honorable,Jimmy,,Panetta,, 304 Cannon House Office Building,Washington,DC,20515-0519,CA19,P000613,D,,Yes,Yes,Yes,,,,,,,,,,
The Honorable,Chris,,Pappas,, 452 Cannon House Office Building,Washington,DC,20515-2901,NH01,P000614,D,,,Yes,Yes,,,,,,,,,,
The Honorable,Nancy,,Pelosi,, 1236 Longworth House Office Building,Washington,DC,20515-0511,CA11,P000197,D,,,,,,,,,,,,,,
The Honorable,Mary,Sattler,Peltola,, 153 Cannon House Office Building,Washington,DC,20515-0200,AK00,P000619,D,Yes,,,Yes,,,,,,,,,,
The Honorable,Greg,,Pence,, 404 Cannon House Office Building,Washington,DC,20515-1406,IN06,P000615,R,,,,,,,,Yes,,,,,,
The Honorable,Marie,Gluesenkamp,Perez,, 1431 Longworth House Office Building,Washington,DC,20515-4703,WA03,G000600,D,Yes,,,Yes,,,,,,,,,,
The Honorable,Scott,,Perry,, 2160 Rayburn House Office Building,Washington,DC,20515-3810,PA10,P000605,R,,,,,,Yes,,,,,,,,
The Honorable,Scott,H.,Peters,, 1201 Longworth House Office Building,Washington,DC,20515-0550,CA50,P000608,D,,,Yes,Yes,,,,,,,,,,
The Honorable,Brittany,,Pettersen,, 1230 Longworth House Office Building,Washington,DC,20515-0607,CO07,P000620,D,,,Yes,Yes,,,,,,,,,,
The Honorable,August,,Pfluger,, 1124 Longworth House Office Building,Washington,DC,20515-4311,TX11,P000048,R,,,,,,,,Yes,,,,,,
The Honorable,Dean,,Phillips,, 2452 Rayburn House Office Building,Washington,DC,20515-2303,MN03,P000616,D,,,Yes,Yes,,,,,,,,,,
The Honorable,Chellie,,Pingree,, 2354 Rayburn House Office Building,Washington,DC,20515-1901,ME01,P000597,D,,Yes,,,,,,,,,,,,
The Honorable,Stacey,E.,Plaskett,, 2059 Rayburn House Office Building,Washington,DC,20515-5500,VI00,P000610,D,,,Yes,,,,,,,,,,,
The Honorable,Mark,,Pocan,, 1026 Longworth House Office Building,Washington,DC,20515-4902,WI02,P000607,D,,Yes,,,,,,,,,,,,
The Honorable,Katie,,Porter,, 1233 Longworth House Office Building,Washington,DC,20515-0547,CA47,P000618,D,,Yes,,,,,,,,,,,,
The Honorable,Bill,,Posey,, 2150 Rayburn House Office Building,Washington,DC,20515-0908,FL08,P000599,R,,,,,,Yes,,Yes,,,,,,
The Honorable,Ayanna,,Pressley,, 402 Cannon House Office Building,Washington,DC,20515-2107,MA07,P000617,D,,Yes,,,,,,,Yes,,,,,
The Honorable,Mike,,Quigley,, 2083 Rayburn House Office Building,Washington,DC,20515-1305,IL05,Q000023,D,,,,,,,,,,,,,,
The Honorable,Aumua Amata,Coleman,Radewagen,, 2001 Rayburn House Office Building,Washington,DC,20515-5200,AS00,R000600,R,,,,,,,,,,,,,,
The Honorable,Delia,C.,Ramirez,, 1523 Longworth House Office Building,Washington,DC,20515-1303,IL03,R000617,D,,Yes,,,,,,,Yes,,,,,
The Honorable,Jamie,,Raskin,, 2242 Rayburn House Office Building,Washington,DC,20515-2008,MD08,R000606,D,,Yes,,,,,,,,,,,,
The Honorable,Guy,,Reschenthaler,, 342 Cannon House Office Building,Washington,DC,20515-3814,PA14,R000610,R,,,,,,,Yes,Yes,,yes,,,,
The Honorable,Cathy,McMorris,Rodgers,, 2188 Rayburn House Office Building,Washington,DC,20515-4705,WA05,M001159,R,,,,,Yes,,Yes,Yes,,yes,,,,
The Honorable,Harold,,Rogers,, 2406 Rayburn House Office Building,Washington,DC,20515-1705,KY05,R000395,R,,,,,,,,,,,,,,
The Honorable,Mike,,Rogers,, 2469 Rayburn House Office Building,Washington,DC,20515-0103,AL03,R000575,R,,,,,,,,Yes,,,,,,
The Honorable,John,W.,Rose,, 2238 Rayburn House Office Building,Washington,DC,20515-4206,TN06,R000612,R,,,,,,,,Yes,,,,,,
The Honorable,Matthew,M.,Rosendale,Sr., 1023 Longworth House Office Building,Washington,DC,20515-0001,MT02,R000103,R,,,,,,Yes,,Yes,,,,,,
The Honorable,Deborah,K.,Ross,, 1221 Longworth House Office Building,Washington,DC,20515-3302,NC02,R000305,D,,,Yes,,,,,,,,,,,
The Honorable,David,,Rouzer,, 2333 Rayburn House Office Building,Washington,DC,20515-3307,NC07,R000603,R,,,,,,,Yes,Yes,,yes,,,,
The Honorable,Chip,,Roy,, 103 Cannon House Office Building,Washington,DC,20515-4321,TX21,R000614,R,,,,,,Yes,,Yes,,,,,,
The Honorable,Raul,,Ruiz,, 2342 Rayburn House Office Building,Washington,DC,20515-0525,CA25,R000599,D,,,Yes,,,,,,,,,,,
The Honorable,Michael,A.,Rulli,, 2082 Rayburn House Office Building,Washington,DC,20515-3506,OH06,R000619,R,,,,,Yes,,,,,yes,,,,
The Honorable,C.,A. Dutch,Ruppersberger,, 2206 Rayburn House Office Building,Washington,DC,20515-2002,MD02,R000576,D,,,,,,,,,,,,,,
The Honorable,John,H.,Rutherford,, 1711 Longworth House Office Building,Washington,DC,20515-0905,FL05,R000609,R,,,,,Yes,,Yes,,,yes,,,,
The Honorable,Patrick,,Ryan,, 1030 Longworth House Office Building,Washington,DC,20515-3218,NY18,R000579,D,,,Yes,,,,,,,,,,,
The Honorable,Gregorio,Kilili Camacho,Sablan,, 2267 Rayburn House Office Building,Washington,DC,20515-5201,MP00,S001177,D,,,,,,,,,,,,,,
The Honorable,Maria,Elvira,Salazar,, 2162 Rayburn House Office Building,Washington,DC,20515-0927,FL27,S000168,R,,,,Yes,Yes,,,,,,,,,
The Honorable,Andrea,,Salinas,, 109 Cannon House Office Building,Washington,DC,20515-0001,OR06,S001226,D,,Yes,Yes,,,,,,,,,,,
The Honorable,Linda,T.,Sánchez,, 2428 Rayburn House Office Building,Washington,DC,20515-0538,CA38,S001156,D,,Yes,,,,,,,,,,,,
The Honorable,John,P.,Sarbanes,, 2370 Rayburn House Office Building,Washington,DC,20515-2003,MD03,S001168,D,,,,,,,,,,,,,,
The Honorable,Steve,,Scalise,, 2049 Rayburn House Office Building,Washington,DC,20515-1801,LA01,S001176,R,,,,,,,,Yes,,,,,,
The Honorable,Mary Gay,,Scanlon,, 1227 Longworth House Office Building,Washington,DC,20515-3805,PA05,S001205,D,,Yes,Yes,,,,,,,,,,,
The Honorable,Janice,D.,Schakowsky,, 2408 Rayburn House Office Building,Washington,DC,20515-1309,IL09,S001145,D,,Yes,,,,,,,,,,,,
The Honorable,Adam,B.,Schiff,, 2309 Rayburn House Office Building,Washington,DC,20515-0530,CA30,S001150,D,,,Yes,,,,,,,,,,,
The Honorable,Bradley,Scott,Schneider,, 300 Cannon House Office Building,Washington,DC,20515-1310,IL10,S001190,D,,,Yes,Yes,,,,,,,,,,
The Honorable,Hillary,J.,Scholten,, 1317 Longworth House Office Building,Washington,DC,20515-2203,MI03,S001221,D,,,Yes,Yes,,,,,,,,,,
The Honorable,Kim,,Schrier,, 1110 Longworth House Office Building,Washington,DC,20515-4708,WA08,S001216,D,,,Yes,,,,,,,,,,,
The Honorable,David,,Schweikert,, 460 Cannon House Office Building,Washington,DC,20515-0301,AZ01,S001183,R,,,,,,,,Yes,,,,,,
The Honorable,Austin,,Scott,, 2185 Rayburn House Office Building,Washington,DC,20515-1008,GA08,S001189,R,,,,,,,,Yes,,,,,,
The Honorable,David,,Scott,, 468 Cannon House Office Building,Washington,DC,20515-1013,GA13,S001157,D,,,Yes,,,,,,,,,,,
The Honorable,Robert,"C. ""Bobby""",Scott,, 2328 Rayburn House Office Building,Washington,DC,20515-4603,VA03,S000185,D,,,,,,,,,,,,,,
The Honorable,Keith,,Self,, 1113 Longworth House Office Building,Washington,DC,20515-4303,TX03,S001224,R,,,,,,Yes,,Yes,,,,,,
The Honorable,Pete,,Sessions,, 2204 Rayburn House Office Building,Washington,DC,20515-4317,TX17,S000250,R,,,,,,,Yes,Yes,,yes,,,,
The Honorable,Terri,A.,Sewell,, 1035 Longworth House Office Building,Washington,DC,20515-0107,AL07,S001185,D,,,Yes,,,,,,,,,,,
The Honorable,Brad,,Sherman,, 2365 Rayburn House Office Building,Washington,DC,20515-0532,CA32,S000344,D,,Yes,,,,,,,,,,,,
The Honorable,Mikie,,Sherrill,, 1427 Longworth House Office Building,Washington,DC,20515-3011,NJ11,S001207,D,,,Yes,,,,,,,,,,,
The Honorable,Michael,K.,Simpson,, 2084 Rayburn House Office Building,Washington,DC,20515-1202,ID02,S001148,R,,,,,,,Yes,,,yes,,,,
The Honorable,Elissa,,Slotkin,, 2245 Rayburn House Office Building,Washington,DC,20515-2207,MI07,S001208,D,,,Yes,Yes,,,,,,,,,,
The Honorable,Adam,,Smith,, 2264 Rayburn House Office Building,Washington,DC,20515-4709,WA09,S000510,D,,Yes,Yes,,,,,,,,,,,
The Honorable,Adrian,,Smith,, 502 Cannon House Office Building,Washington,DC,20515-2703,NE03,S001172,R,,,,,,,,Yes,,,,,,
The Honorable,Christopher,H.,Smith,, 2373 Rayburn House Office Building,Washington,DC,20515-3004,NJ04,S000522,R,,,,,,,,Yes,,,,,,
The Honorable,Jason,,Smith,, 1011 Longworth House Office Building,Washington,DC,20515-2508,MO08,S001195,R,,,,,,,,Yes,,,,,,
The Honorable,Lloyd,,Smucker,, 302 Cannon House Office Building,Washington,DC,20515-3811,PA11,S001199,R,,,,,,,,Yes,,,,,,
The Honorable,Eric,,Sorensen,, 1205 Longworth House Office Building,Washington,DC,20515-1317,IL17,S001225,D,,,Yes,,,,,,,,,,,
The Honorable,Darren,,Soto,, 2353 Rayburn House Office Building,Washington,DC,20515-0909,FL09,S001200,D,,Yes,Yes,Yes,,,,,,,,,,
The Honorable,Abigail,Davis,Spanberger,, 562 Cannon House Office Building,Washington,DC,20515-4607,VA07,S001209,D,,,Yes,Yes,,,,,,,,,,
The Honorable,Victoria,,Spartz,, 1609 Longworth House Office Building,Washington,DC,20515-1405,IN05,S000929,R,,,,,,,,Yes,,,,,,
The Honorable,Melanie,A.,Stansbury,, 1421 Longworth House Office Building,Washington,DC,20515-3101,NM01,S001218,D,,Yes,,,,,,,,,,,,
The Honorable,Greg,,Stanton,, 207 Cannon House Office Building,Washington,DC,20515-0304,AZ04,S001211,D,,,Yes,,,,,,,,,,,
The Honorable,Pete,,Stauber,, 145 Cannon House Office Building,Washington,DC,20515-2308,MN08,S001212,R,,,,,Yes,,Yes,Yes,,yes,,,,
The Honorable,Michelle,,Steel,, 1127 Longworth House Office Building,Washington,DC,20515-0545,CA45,S001135,R,,,,,Yes,,Yes,,,yes,,,,
The Honorable,Elise,M.,Stefanik,, 2211 Rayburn House Office Building,Washington,DC,20515-3221,NY21,S001196,R,,,,,Yes,,Yes,Yes,,yes,,,,
The Honorable,Bryan,,Steil,, 1526 Longworth House Office Building,Washington,DC,20515-4901,WI01,S001213,R,,,,Yes,Yes,,YEs,Yes,,yes,,,,
The Honorable,W.,Gregory,Steube,, 2457 Rayburn House Office Building,Washington,DC,20515-0917,FL17,S001214,R,,,,,,Yes,,Yes,,,,,,
The Honorable,Haley,M.,Stevens,, 2411 Rayburn House Office Building,Washington,DC,20515-2211,MI11,S001215,D,,,Yes,Yes,,,,,,,,,,
The Honorable,Marilyn,,Strickland,, 1708 Longworth House Office Building,Washington,DC,20515-4710,WA10,S001159,D,,,Yes,,,,,,,,,,,
The Honorable,Dale,W.,Strong,, 1337 Longworth House Office Building,Washington,DC,20515-0105,AL05,S001220,R,,,,,,,,Yes,,,,,,
The Honorable,Thomas,R.,Suozzi,, 1117 Longworth House Office Building,Washington,DC,20515-3203,NY03,S001201,D,,,Yes,,,,,,,,,,,
The Honorable,Eric,,Swalwell,, 174 Cannon House Office Building,Washington,DC,20515-0514,CA14,S001193,D,,,,,,,,,,,,,,
The Honorable,Emilia,Strong,Sykes,, 1217 Longworth House Office Building,Washington,DC,20515-3513,OH13,S001223,D,,,Yes,Yes,,,,,,,,,,
The Honorable,Mark,,Takano,, 2078 Rayburn House Office Building,Washington,DC,20515-0539,CA39,T000472,D,,Yes,,,,,,,,,,,,
The Honorable,Claudia,,Tenney,, 2349 Rayburn House Office Building,Washington,DC,20515-3224,NY24,T000478,R,,,,,,,,,,,,,,
The Honorable,Shri,,Thanedar,, 1039 Longworth House Office Building,Washington,DC,20515-2213,MI13,T000488,D,,Yes,Yes,,,,,,,,,,,
The Honorable,Bennie,G.,Thompson,, 2466 Rayburn House Office Building,Washington,DC,20515-2402,MS02,T000193,D,,,,,,,,,,,,,,
The Honorable,Glenn,,Thompson,, 400 Cannon House Office Building,Washington,DC,20515-3815,PA15,T000467,R,,,,,Yes,,,,,,,,,
The Honorable,Mike,,Thompson,, 268 Cannon House Office Building,Washington,DC,20515-0504,CA04,T000460,D,Yes,,,,,,,,,,,,,
The Honorable,Thomas,P.,Tiffany,, 451 Cannon House Office Building,Washington,DC,20515-4907,WI07,T000165,R,,,,,,Yes,,Yes,,,,,,
The Honorable,William,R.,Timmons,IV, 267 Cannon House Office Building,Washington,DC,20515-4004,SC04,T000480,R,,,,,,,,Yes,,,,,,
The Honorable,Dina,,Titus,, 2464 Rayburn House Office Building,Washington,DC,20515-2801,NV01,T000468,D,,,,,,,,,,,,,,
The Honorable,Rashida,,Tlaib,, 2438 Rayburn House Office Building,Washington,DC,20515-2212,MI12,T000481,D,,Yes,,,,,,,Yes,,,,,
The Honorable,Jill,N.,Tokuda,, 1005 Longworth House Office Building,Washington,DC,20515-1102,HI02,T000487,D,,Yes,,,,,,,,,,,,
The Honorable,Paul,,Tonko,, 2369 Rayburn House Office Building,Washington,DC,20515-3220,NY20,T000469,D,,Yes,,,,,,,,,,,,
The Honorable,Norma,J.,Torres,, 2227 Rayburn House Office Building,Washington,DC,20515-0535,CA35,T000474,D,,,Yes,,,,,,,,,,,
The Honorable,Ritchie,,Torres,, 1414 Longworth House Office Building,Washington,DC,20515-3215,NY15,T000486,D,,,,,,,,,,,,,,
The Honorable,Lori,,Trahan,, 2439 Rayburn House Office Building,Washington,DC,20515-2103,MA03,T000482,D,,Yes,Yes,,,,,,,,,,,
The Honorable,David,J.,Trone,, 2404 Rayburn House Office Building,Washington,DC,20515-2006,MD06,T000483,D,,,Yes,Yes,,,,,,,,,,
The Honorable,Michael,R.,Turner,, 2183 Rayburn House Office Building,Washington,DC,20515-3510,OH10,T000463,R,,,,,Yes,,Yes,Yes,,yes,,,,
The Honorable,Lauren,,Underwood,, 1410 Longworth House Office Building,Washington,DC,20515-1314,IL14,U000040,D,,,,,,,,,,,,,,
The Honorable,David,G.,Valadao,, 2465 Rayburn House Office Building,Washington,DC,20515-0522,CA22,V000129,R,,,,Yes,Yes,,Yes,,,yes,,,,
The Honorable,Jefferson,,Van Drew,, 2447 Rayburn House Office Building,Washington,DC,20515-3002,NJ02,V000133,R,,,,,,,,Yes,,,,,,
The Honorable,Beth,,Van Duyne,, 1725 Longworth House Office Building,Washington,DC,20515-4324,TX24,V000134,R,,,,,Yes,,,Yes,,,,,,
The Honorable,Derrick,,Van Orden,, 1513 Longworth House Office Building,Washington,DC,20515-4903,WI03,V000135,R,,,,,,,Yes,,,yes,,,,
The Honorable,Juan,,Vargas,, 2334 Rayburn House Office Building,Washington,DC,20515-0552,CA52,V000130,D,,Yes,Yes,,,,,,,,,,,
The Honorable,Gabe,,Vasquez,, 1517 Longworth House Office Building,Washington,DC,20515-3102,NM02,V000136,D,,,Yes,,,,,,,,,,,
The Honorable,Marc,A.,Veasey,, 2348 Rayburn House Office Building,Washington,DC,20515-4333,TX33,V000131,D,,,Yes,,,,,,,,,,,
The Honorable,Nydia,M.,Velázquez,, 2302 Rayburn House Office Building,Washington,DC,20515-3207,NY07,V000081,D,,,,,,,,,,,,,,
The Honorable,Ann,,Wagner,, 2350 Rayburn House Office Building,Washington,DC,20515-2502,MO02,W000812,R,,,,,,,,Yes,,,,,,
The Honorable,Tim,,Walberg,, 2266 Rayburn House Office Building,Washington,DC,20515-2205,MI05,W000798,R,,,,,,,,Yes,,,,,,
The Honorable,Michael,,Waltz,, 244 Cannon House Office Building,Washington,DC,20515-0906,FL06,W000823,R,,,,,,,Yes,Yes,,yes,,,,
The Honorable,Debbie,,Wasserman Schultz,, 270 Cannon House Office Building,Washington,DC,20515-0925,FL25,W000797,D,,,Yes,,,,,,,,,,,
The Honorable,Maxine,,Waters,, 2221 Rayburn House Office Building,Washington,DC,20515-0543,CA43,W000187,D,,Yes,,,,,,,,,,,,
The Honorable,Bonnie,,Watson Coleman,, 168 Cannon House Office Building,Washington,DC,20515-3012,NJ12,W000822,D,,Yes,,,,,,,,,,,,
The Honorable,Randy,K.,Weber,Sr., 107 Cannon House Office Building,Washington,DC,20515-4314,TX14,W000814,R,,,,,,,,Yes,,,,,,
The Honorable,Daniel,,Webster,, 2184 Rayburn House Office Building,Washington,DC,20515-0911,FL11,W000806,R,,,,,,,,Yes,,,,,,
The Honorable,Brad,R.,Wenstrup,, 2335 Rayburn House Office Building,Washington,DC,20515-3502,OH02,W000815,R,,,,,,,,Yes,,,,,,
The Honorable,Bruce,,Westerman,, 202 Cannon House Office Building,Washington,DC,20515-0404,AR04,W000821,R,,,,,,,,Yes,,,,,,
The Honorable,Jennifer,,Wexton,, 1210 Longworth House Office Building,Washington,DC,20515-4610,VA10,W000825,D,,,Yes,,,,,,,,,,,
The Honorable,Susan,,Wild,, 1027 Longworth House Office Building,Washington,DC,20515-3807,PA07,W000826,D,,,Yes,,,,,,,,,,,
The Honorable,Brandon,,Williams,, 1022 Longworth House Office Building,Washington,DC,20515-3222,NY22,W000828,R,,,,Yes,Yes,,Yes,Yes,,yes,,,,
The Honorable,Nikema,,Williams,, 1406 Longworth House Office Building,Washington,DC,20515-1005,GA05,W000788,D,,Yes,Yes,,,,,,,,,,,
The Honorable,Roger,,Williams,, 2336 Rayburn House Office Building,Washington,DC,20515-4325,TX25,W000816,R,,,,,,,,Yes,,,,,,
The Honorable,Frederica,S.,Wilson,, 2080 Rayburn House Office Building,Washington,DC,20515-0924,FL24,W000808,D,,Yes,,,,,,,,,,,,
The Honorable,Joe,,Wilson,, 1436 Longworth House Office Building,Washington,DC,20515-4002,SC02,W000795,R,,,,,,,,Yes,,,,,,
The Honorable,Robert,J.,Wittman,, 2055 Rayburn House Office Building,Washington,DC,20515-4601,VA01,W000804,R,,,,,,,,Yes,,,,,,
The Honorable,Steve,,Womack,, 2412 Rayburn House Office Building,Washington,DC,20515-0403,AR03,W000809,R,,,,,Yes,,,,,,,,,
The Honorable,Rudy,,Yakym,III, 349 Cannon House Office Building,Washington,DC,20515-1402,IN02,Y000067,R,,,,,,,,Yes,,,,,,
The Honorable,Ryan,K.,Zinke,, 512 Cannon House Office Building,Washington,DC,20515-2600,MT01,Z000018,R,,,,,,,,Yes,,,,,,
,,,Office of the 18 Congressional District of Texas,, 2314 Rayburn House Office Building,Washington,DC,20515-4318,TX18,, ,,,,,,,,,,,,,,
,,,Office of the 8 Congressional District of Wisconsin,, 1211 Longworth House Office Building,Washington,DC,20515-4908,WI08,, ,,,,,,,,,,,,,,
,,,Office of the 9 Congressional District of New Jersey,, 2409 Rayburn House Office Building,Washington,DC,20515-3009,NJ09,, ,,,,,,,,,,,,,,
,,,,,,,,,,,,,,,,,,,,,,,,,
,,,,,,,,,,,,,,,,,,,,,,,,,
,,,,,,,,,,,,,,,,,,,,,,,,,
,,,,,,,,,,,,,,,,,,,,,,,,,
,,,,,,,,,,,,,,,,,,,,,,,,,
,,,,,,,,,,,,,,,,,,,,,,,,,
,,,,,,,,,,,,,,,,,,,,,,,,,
,,,,,,,,,,,,,,,,,,,,,,,,,
,,,,,,,,,,,,,,,,,,,,,,,,,
,,,,,,,,,,,,,,,,,,,,,,,,,
,,,,,,,,,,,,,,,,,,,,,,,,,
,,,,,,,,,,,,,,,,,,,,,,,,,
,,,,,,,,,,,,,,,,,,,,,,,,,
,,,,,,,,,,,,,,,,,,,,,,,,,
,,,,,,,,,,,,,,,,,,,,,,,,,
,,,,,,,,,,,,,,,,,,,,,,,,,
,,,,,,,,,,,,,,,,,,,,,,,,,
,,,,,,,,,,,,,,,,,,,,,,,,,
,,,,,,,,,,,,,,,,,,,,,,,,,
,,,,,,,,,,,,,,,,,,,,,,,,,
,,,,,,,,,,,,,,,,,,,,,,,,,
,,,,,,,,,,,,,,,,,,,,,,,,,
,,,,,,,,,,,,,,,,,,,,,,,,,
,,,,,,,,,,,,,,,,,,,,,,,,,
,,,,,,,,,,,,,,,,,,,,,,,,,
,,,,,,,,,,,,,,,,,,,,,,,,,
,,,,,,,,,,,,,,,,,,,,,,,,,
,,,,,,,,,,,,,,,,,,,,,,,,,
,,,,,,,,,,,,,,,,,,,,,,,,,
,,,,,,,,,,,,,,,,,,,,,,,,,
,,,,,,,,,,,,,,,,,,,,,,,,,
,,,,,,,,,,,,,,,,,,,,,,,,,
,,,,,,,,,,,,,,,,,,,,,,,,,
,,,,,,,,,,,,,,,,,,,,,,,,,
,,,,,,,,,,,,,,,,,,,,,,,,,
,,,,,,,,,,,,,,,,,,,,,,,,,
,,,,,,,,,,,,,,,,,,,,,,,,,
,,,,,,,,,,,,,,,,,,,,,,,,,
,,,,,,,,,,,,,,,,,,,,,,,,,
,,,,,,,,,,,,,,,,,,,,,,,,,
,,,,,,,,,,,,,,,,,,,,,,,,,
,,,,,,,,,,,,,,,,,,,,,,,,,
,,,,,,,,,,,,,,,,,,,,,,,,,
,,,,,,,,,,,,,,,,,,,,,,,,,
,,,,,,,,,,,,,,,,,,,,,,,,,
,,,,,,,,,,,,,,,,,,,,,,,,,
,,,,,,,,,,,,,,,,,,,,,,,,,
,,,,,,,,,,,,,,,,,,,,,,,,,
,,,,,,,,,,,,,,,,,,,,,,,,,
,,,,,,,,,,,,,,,,,,,,,,,,,
,,,,,,,,,,,,,,,,,,,,,,,,,
,,,,,,,,,,,,,,,,,,,,,,,,,
,,,,,,,,,,,,,,,,,,,,,,,,,
,,,,,,,,,,,,,,,,,,,,,,,,,
,,,,,,,,,,,,,,,,,,,,,,,,,
,,,,,,,,,,,,,,,,,,,,,,,,,
,,,,,,,,,,,,,,,,,,,,,,,,,
,,,,,,,,,,,,,,,,,,,,,,,,,
,,,,,,,,,,,,,,,,,,,,,,,,,
,,,,,,,,,,,,,,,,,,,,,,,,,
,,,,,,,,,,,,,,,,,,,,,,,,,
,,,,,,,,,,,,,,,,,,,,,,,,,
,,,,,,,,,,,,,,,,,,,,,,,,,
,,,,,,,,,,,,,,,,,,,,,,,,,
,,,,,,,,,,,,,,,,,,,,,,,,,
,,,,,,,,,,,,,,,,,,,,,,,,,
,,,,,,,,,,,,,,,,,,,,,,,,,
,,,,,,,,,,,,,,,,,,,,,,,,,
,,,,,,,,,,,,,,,,,,,,,,,,,
,,,,,,,,,,,,,,,,,,,,,,,,,
,,,,,,,,,,,,,,,,,,,,,,,,,
,,,,,,,,,,,,,,,,,,,,,,,,,
,,,,,,,,,,,,,,,,,,,,,,,,,
,,,,,,,,,,,,,,,,,,,,,,,,,
,,,,,,,,,,,,,,,,,,,,,,,,,
,,,,,,,,,,,,,,,,,,,,,,,,,
,,,,,,,,,,,,,,,,,,,,,,,,,
,,,,,,,,,,,,,,,,,,,,,,,,,
,,,,,,,,,,,,,,,,,,,,,,,,,
,,,,,,,,,,,,,,,,,,,,,,,,,
,,,,,,,,,,,,,,,,,,,,,,,,,
,,,,,,,,,,,,,,,,,,,,,,,,,
,,,,,,,,,,,,,,,,,,,,,,,,,
,,,,,,,,,,,,,,,,,,,,,,,,,
,,,,,,,,,,,,,,,,,,,,,,,,,
,,,,,,,,,,,,,,,,,,,,,,,,,
,,,,,,,,,,,,,,,,,,,,,,,,,
,,,,,,,,,,,,,,,,,,,,,,,,,
,,,,,,,,,,,,,,,,,,,,,,,,,
,,,,,,,,,,,,,,,,,,,,,,,,,
,,,,,,,,,,,,,,,,,,,,,,,,,
,,,,,,,,,,,,,,,,,,,,,,,,,
,,,,,,,,,,,,,,,,,,,,,,,,,
,,,,,,,,,,,,,,,,,,,,,,,,,
,,,,,,,,,,,,,,,,,,,,,,,,,
,,,,,,,,,,,,,,,,,,,,,,,,,
,,,,,,,,,,,,,,,,,,,,,,,,,
,,,,,,,,,,,,,,,,,,,,,,,,,
,,,,,,,,,,,,,,,,,,,,,,,,,
,,,,,,,,,,,,,,,,,,,,,,,,,
,,,,,,,,,,,,,,,,,,,,,,,,,
,,,,,,,,,,,,,,,,,,,,,,,,,
,,,,,,,,,,,,,,,,,,,,,,,,,
,,,,,,,,,,,,,,,,,,,,,,,,,
,,,,,,,,,,,,,,,,,,,,,,,,,
,,,,,,,,,,,,,,,,,,,,,,,,,
,,,,,,,,,,,,,,,,,,,,,,,,,
,,,,,,,,,,,,,,,,,,,,,,,,,
,,,,,,,,,,,,,,,,,,,,,,,,,
,,,,,,,,,,,,,,,,,,,,,,,,,
,,,,,,,,,,,,,,,,,,,,,,,,,
,,,,,,,,,,,,,,,,,,,,,,,,,
,,,,,,,,,,,,,,,,,,,,,,,,,
,,,,,,,,,,,,,,,,,,,,,,,,,
,,,,,,,,,,,,,,,,,,,,,,,,,
,,,,,,,,,,,,,,,,,,,,,,,,,
,,,,,,,,,,,,,,,,,,,,,,,,,
,,,,,,,,,,,,,,,,,,,,,,,,,
,,,,,,,,,,,,,,,,,,,,,,,,,
,,,,,,,,,,,,,,,,,,,,,,,,,
,,,,,,,,,,,,,,,,,,,,,,,,,
,,,,,,,,,,,,,,,,,,,,,,,,,
,,,,,,,,,,,,,,,,,,,,,,,,,
,,,,,,,,,,,,,,,,,,,,,,,,,
,,,,,,,,,,,,,,,,,,,,,,,,,
,,,,,,,,,,,,,,,,,,,,,,,,,
,,,,,,,,,,,,,,,,,,,,,,,,,
,,,,,,,,,,,,,,,,,,,,,,,,,
,,,,,,,,,,,,,,,,,,,,,,,,,
,,,,,,,,,,,,,,,,,,,,,,,,,
,,,,,,,,,,,,,,,,,,,,,,,,,
,,,,,,,,,,,,,,,,,,,,,,,,,
,,,,,,,,,,,,,,,,,,,,,,,,,
,,,,,,,,,,,,,,,,,,,,,,,,,
,,,,,,,,,,,,,,,,,,,,,,,,,
,,,,,,,,,,,,,,,,,,,,,,,,,
,,,,,,,,,,,,,,,,,,,,,,,,,
,,,,,,,,,,,,,,,,,,,,,,,,,
,,,,,,,,,,,,,,,,,,,,,,,,,
,,,,,,,,,,,,,,,,,,,,,,,,,
,,,,,,,,,,,,,,,,,,,,,,,,,
,,,,,,,,,,,,,,,,,,,,,,,,,
,,,,,,,,,,,,,,,,,,,,,,,,,
,,,,,,,,,,,,,,,,,,,,,,,,,
,,,,,,,,,,,,,,,,,,,,,,,,,
,,,,,,,,,,,,,,,,,,,,,,,,,
,,,,,,,,,,,,,,,,,,,,,,,,,
,,,,,,,,,,,,,,,,,,,,,,,,,
,,,,,,,,,,,,,,,,,,,,,,,,,
,,,,,,,,,,,,,,,,,,,,,,,,,
,,,,,,,,,,,,,,,,,,,,,,,,,
,,,,,,,,,,,,,,,,,,,,,,,,,
,,,,,,,,,,,,,,,,,,,,,,,,,
,,,,,,,,,,,,,,,,,,,,,,,,,
,,,,,,,,,,,,,,,,,,,,,,,,,
,,,,,,,,,,,,,,,,,,,,,,,,,
,,,,,,,,,,,,,,,,,,,,,,,,,
,,,,,,,,,,,,,,,,,,,,,,,,,
,,,,,,,,,,,,,,,,,,,,,,,,,
,,,,,,,,,,,,,,,,,,,,,,,,,
,,,,,,,,,,,,,,,,,,,,,,,,,
,,,,,,,,,,,,,,,,,,,,,,,,,
,,,,,,,,,,,,,,,,,,,,,,,,,
,,,,,,,,,,,,,,,,,,,,,,,,,
,,,,,,,,,,,,,,,,,,,,,,,,,
,,,,,,,,,,,,,,,,,,,,,,,,,
,,,,,,,,,,,,,,,,,,,,,,,,,
,,,,,,,,,,,,,,,,,,,,,,,,,
,,,,,,,,,,,,,,,,,,,,,,,,,
,,,,,,,,,,,,,,,,,,,,,,,,,
,,,,,,,,,,,,,,,,,,,,,,,,,
,,,,,,,,,,,,,,,,,,,,,,,,,
,,,,,,,,,,,,,,,,,,,,,,,,,
,,,,,,,,,,,,,,,,,,,,,,,,,
,,,,,,,,,,,,,,,,,,,,,,,,,
,,,,,,,,,,,,,,,,,,,,,,,,,
,,,,,,,,,,,,,,,,,,,,,,,,,
,,,,,,,,,,,,,,,,,,,,,,,,,
,,,,,,,,,,,,,,,,,,,,,,,,,
,,,,,,,,,,,,,,,,,,,,,,,,,
,,,,,,,,,,,,,,,,,,,,,,,,,
,,,,,,,,,,,,,,,,,,,,,,,,,
,,,,,,,,,,,,,,,,,,,,,,,,,
,,,,,,,,,,,,,,,,,,,,,,,,,
,,,,,,,,,,,,,,,,,,,,,,,,,
,,,,,,,,,,,,,,,,,,,,,,,,,
,,,,,,,,,,,,,,,,,,,,,,,,,
,,,,,,,,,,,,,,,,,,,,,,,,,
,,,,,,,,,,,,,,,,,,,,,,,,,
,,,,,,,,,,,,,,,,,,,,,,,,,
,,,,,,,,,,,,,,,,,,,,,,,,,
,,,,,,,,,,,,,,,,,,,,,,,,,
,,,,,,,,,,,,,,,,,,,,,,,,,
,,,,,,,,,,,,,,,,,,,,,,,,,
,,,,,,,,,,,,,,,,,,,,,,,,,
,,,,,,,,,,,,,,,,,,,,,,,,,
,,,,,,,,,,,,,,,,,,,,,,,,,
,,,,,,,,,,,,,,,,,,,,,,,,,
,,,,,,,,,,,,,,,,,,,,,,,,,
,,,,,,,,,,,,,,,,,,,,,,,,,
,,,,,,,,,,,,,,,,,,,,,,,,,
,,,,,,,,,,,,,,,,,,,,,,,,,
,,,,,,,,,,,,,,,,,,,,,,,,,
,,,,,,,,,,,,,,,,,,,,,,,,,
,,,,,,,,,,,,,,,,,,,,,,,,,
,,,,,,,,,,,,,,,,,,,,,,,,,
,,,,,,,,,,,,,,,,,,,,,,,,,
,,,,,,,,,,,,,,,,,,,,,,,,,
,,,,,,,,,,,,,,,,,,,,,,,,,
,,,,,,,,,,,,,,,,,,,,,,,,,
,,,,,,,,,,,,,,,,,,,,,,,,,
,,,,,,,,,,,,,,,,,,,,,,,,,
,,,,,,,,,,,,,,,,,,,,,,,,,
,,,,,,,,,,,,,,,,,,,,,,,,,
,,,,,,,,,,,,,,,,,,,,,,,,,
,,,,,,,,,,,,,,,,,,,,,,,,,
,,,,,,,,,,,,,,,,,,,,,,,,,
,,,,,,,,,,,,,,,,,,,,,,,,,
,,,,,,,,,,,,,,,,,,,,,,,,,
,,,,,,,,,,,,,,,,,,,,,,,,,
,,,,,,,,,,,,,,,,,,,,,,,,,
,,,,,,,,,,,,,,,,,,,,,,,,,
,,,,,,,,,,,,,,,,,,,,,,,,,
,,,,,,,,,,,,,,,,,,,,,,,,,
,,,,,,,,,,,,,,,,,,,,,,,,,
,,,,,,,,,,,,,,,,,,,,,,,,,
,,,,,,,,,,,,,,,,,,,,,,,,,
,,,,,,,,,,,,,,,,,,,,,,,,,
,,,,,,,,,,,,,,,,,,,,,,,,,
,,,,,,,,,,,,,,,,,,,,,,,,,
,,,,,,,,,,,,,,,,,,,,,,,,,
,,,,,,,,,,,,,,,,,,,,,,,,,
,,,,,,,,,,,,,,,,,,,,,,,,,
,,,,,,,,,,,,,,,,,,,,,,,,,
,,,,,,,,,,,,,,,,,,,,,,,,,
,,,,,,,,,,,,,,,,,,,,,,,,,
,,,,,,,,,,,,,,,,,,,,,,,,,
,,,,,,,,,,,,,,,,,,,,,,,,,
,,,,,,,,,,,,,,,,,,,,,,,,,
,,,,,,,,,,,,,,,,,,,,,,,,,
,,,,,,,,,,,,,,,,,,,,,,,,,
,,,,,,,,,,,,,,,,,,,,,,,,,
,,,,,,,,,,,,,,,,,,,,,,,,,
,,,,,,,,,,,,,,,,,,,,,,,,,
,,,,,,,,,,,,,,,,,,,,,,,,,
,,,,,,,,,,,,,,,,,,,,,,,,,
,,,,,,,,,,,,,,,,,,,,,,,,,
,,,,,,,,,,,,,,,,,,,,,,,,,
,,,,,,,,,,,,,,,,,,,,,,,,,
,,,,,,,,,,,,,,,,,,,,,,,,,
,,,,,,,,,,,,,,,,,,,,,,,,,
,,,,,,,,,,,,,,,,,,,,,,,,,
,,,,,,,,,,,,,,,,,,,,,,,,,
,,,,,,,,,,,,,,,,,,,,,,,,,
,,,,,,,,,,,,,,,,,,,,,,,,,
,,,,,,,,,,,,,,,,,,,,,,,,,
,,,,,,,,,,,,,,,,,,,,,,,,,
,,,,,,,,,,,,,,,,,,,,,,,,,
,,,,,,,,,,,,,,,,,,,,,,,,,
,,,,,,,,,,,,,,,,,,,,,,,,,
,,,,,,,,,,,,,,,,,,,,,,,,,
,,,,,,,,,,,,,,,,,,,,,,,,,
,,,,,,,,,,,,,,,,,,,,,,,,,
,,,,,,,,,,,,,,,,,,,,,,,,,
,,,,,,,,,,,,,,,,,,,,,,,,,
,,,,,,,,,,,,,,,,,,,,,,,,,
,,,,,,,,,,,,,,,,,,,,,,,,,
,,,,,,,,,,,,,,,,,,,,,,,,,
,,,,,,,,,,,,,,,,,,,,,,,,,
,,,,,,,,,,,,,,,,,,,,,,,,,
,,,,,,,,,,,,,,,,,,,,,,,,,
,,,,,,,,,,,,,,,,,,,,,,,,,
,,,,,,,,,,,,,,,,,,,,,,,,,
,,,,,,,,,,,,,,,,,,,,,,,,,
,,,,,,,,,,,,,,,,,,,,,,,,,
,,,,,,,,,,,,,,,,,,,,,,,,,
,,,,,,,,,,,,,,,,,,,,,,,,,
,,,,,,,,,,,,,,,,,,,,,,,,,
,,,,,,,,,,,,,,,,,,,,,,,,,
,,,,,,,,,,,,,,,,,,,,,,,,,
,,,,,,,,,,,,,,,,,,,,,,,,,
,,,,,,,,,,,,,,,,,,,,,,,,,
,,,,,,,,,,,,,,,,,,,,,,,,,
,,,,,,,,,,,,,,,,,,,,,,,,,
,,,,,,,,,,,,,,,,,,,,,,,,,
,,,,,,,,,,,,,,,,,,,,,,,,,
,,,,,,,,,,,,,,,,,,,,,,,,,
,,,,,,,,,,,,,,,,,,,,,,,,,
,,,,,,,,,,,,,,,,,,,,,,,,,
,,,,,,,,,,,,,,,,,,,,,,,,,
,,,,,,,,,,,,,,,,,,,,,,,,,
,,,,,,,,,,,,,,,,,,,,,,,,,
,,,,,,,,,,,,,,,,,,,,,,,,,
,,,,,,,,,,,,,,,,,,,,,,,,,
,,,,,,,,,,,,,,,,,,,,,,,,,
,,,,,,,,,,,,,,,,,,,,,,,,,
,,,,,,,,,,,,,,,,,,,,,,,,,
,,,,,,,,,,,,,,,,,,,,,,,,,
,,,,,,,,,,,,,,,,,,,,,,,,,
,,,,,,,,,,,,,,,,,,,,,,,,,
,,,,,,,,,,,,,,,,,,,,,,,,,
,,,,,,,,,,,,,,,,,,,,,,,,,
,,,,,,,,,,,,,,,,,,,,,,,,,
,,,,,,,,,,,,,,,,,,,,,,,,,
,,,,,,,,,,,,,,,,,,,,,,,,,
,,,,,,,,,,,,,,,,,,,,,,,,,
,,,,,,,,,,,,,,,,,,,,,,,,,
,,,,,,,,,,,,,,,,,,,,,,,,,
,,,,,,,,,,,,,,,,,,,,,,,,,
,,,,,,,,,,,,,,,,,,,,,,,,,
,,,,,,,,,,,,,,,,,,,,,,,,,
,,,,,,,,,,,,,,,,,,,,,,,,,
,,,,,,,,,,,,,,,,,,,,,,,,,
,,,,,,,,,,,,,,,,,,,,,,,,,
,,,,,,,,,,,,,,,,,,,,,,,,,
,,,,,,,,,,,,,,,,,,,,,,,,,
,,,,,,,,,,,,,,,,,,,,,,,,,
,,,,,,,,,,,,,,,,,,,,,,,,,
,,,,,,,,,,,,,,,,,,,,,,,,,
,,,,,,,,,,,,,,,,,,,,,,,,,
,,,,,,,,,,,,,,,,,,,,,,,,,
,,,,,,,,,,,,,,,,,,,,,,,,,
,,,,,,,,,,,,,,,,,,,,,,,,,
,,,,,,,,,,,,,,,,,,,,,,,,,
,,,,,,,,,,,,,,,,,,,,,,,,,
,,,,,,,,,,,,,,,,,,,,,,,,,
,,,,,,,,,,,,,,,,,,,,,,,,,
,,,,,,,,,,,,,,,,,,,,,,,,,
,,,,,,,,,,,,,,,,,,,,,,,,,
,,,,,,,,,,,,,,,,,,,,,,,,,
,,,,,,,,,,,,,,,,,,,,,,,,,
,,,,,,,,,,,,,,,,,,,,,,,,,
,,,,,,,,,,,,,,,,,,,,,,,,,
,,,,,,,,,,,,,,,,,,,,,,,,,
,,,,,,,,,,,,,,,,,,,,,,,,,
,,,,,,,,,,,,,,,,,,,,,,,,,
,,,,,,,,,,,,,,,,,,,,,,,,,
,,,,,,,,,,,,,,,,,,,,,,,,,
,,,,,,,,,,,,,,,,,,,,,,,,,
,,,,,,,,,,,,,,,,,,,,,,,,,
,,,,,,,,,,,,,,,,,,,,,,,,,
,,,,,,,,,,,,,,,,,,,,,,,,,
,,,,,,,,,,,,,,,,,,,,,,,,,
,,,,,,,,,,,,,,,,,,,,,,,,,
,,,,,,,,,,,,,,,,,,,,,,,,,
,,,,,,,,,,,,,,,,,,,,,,,,,
,,,,,,,,,,,,,,,,,,,,,,,,,
,,,,,,,,,,,,,,,,,,,,,,,,,
,,,,,,,,,,,,,,,,,,,,,,,,,
,,,,,,,,,,,,,,,,,,,,,,,,,
,,,,,,,,,,,,,,,,,,,,,,,,,
,,,,,,,,,,,,,,,,,,,,,,,,,
,,,,,,,,,,,,,,,,,,,,,,,,,
,,,,,,,,,,,,,,,,,,,,,,,,,
,,,,,,,,,,,,,,,,,,,,,,,,,
,,,,,,,,,,,,,,,,,,,,,,,,,
,,,,,,,,,,,,,,,,,,,,,,,,,
,,,,,,,,,,,,,,,,,,,,,,,,,
,,,,,,,,,,,,,,,,,,,,,,,,,
,,,,,,,,,,,,,,,,,,,,,,,,,
,,,,,,,,,,,,,,,,,,,,,,,,,
,,,,,,,,,,,,,,,,,,,,,,,,,
,,,,,,,,,,,,,,,,,,,,,,,,,
,,,,,,,,,,,,,,,,,,,,,,,,,
,,,,,,,,,,,,,,,,,,,,,,,,,
,,,,,,,,,,,,,,,,,,,,,,,,,
,,,,,,,,,,,,,,,,,,,,,,,,,
,,,,,,,,,,,,,,,,,,,,,,,,,
,,,,,,,,,,,,,,,,,,,,,,,,,
,,,,,,,,,,,,,,,,,,,,,,,,,
,,,,,,,,,,,,,,,,,,,,,,,,,
,,,,,,,,,,,,,,,,,,,,,,,,,
,,,,,,,,,,,,,,,,,,,,,,,,,
,,,,,,,,,,,,,,,,,,,,,,,,,
,,,,,,,,,,,,,,,,,,,,,,,,,
,,,,,,,,,,,,,,,,,,,,,,,,,
,,,,,,,,,,,,,,,,,,,,,,,,,
,,,,,,,,,,,,,,,,,,,,,,,,,
,,,,,,,,,,,,,,,,,,,,,,,,,
,,,,,,,,,,,,,,,,,,,,,,,,,
,,,,,,,,,,,,,,,,,,,,,,,,,
,,,,,,,,,,,,,,,,,,,,,,,,,
,,,,,,,,,,,,,,,,,,,,,,,,,
,,,,,,,,,,,,,,,,,,,,,,,,,
,,,,,,,,,,,,,,,,,,,,,,,,,
,,,,,,,,,,,,,,,,,,,,,,,,,
,,,,,,,,,,,,,,,,,,,,,,,,,
,,,,,,,,,,,,,,,,,,,,,,,,,
,,,,,,,,,,,,,,,,,,,,,,,,,
,,,,,,,,,,,,,,,,,,,,,,,,,
,,,,,,,,,,,,,,,,,,,,,,,,,
,,,,,,,,,,,,,,,,,,,,,,,,,
,,,,,,,,,,,,,,,,,,,,,,,,,
,,,,,,,,,,,,,,,,,,,,,,,,,
,,,,,,,,,,,,,,,,,,,,,,,,,
,,,,,,,,,,,,,,,,,,,,,,,,,
,,,,,,,,,,,,,,,,,,,,,,,,,
,,,,,,,,,,,,,,,,,,,,,,,,,
,,,,,,,,,,,,,,,,,,,,,,,,,
,,,,,,,,,,,,,,,,,,,,,,,,,
,,,,,,,,,,,,,,,,,,,,,,,,,
,,,,,,,,,,,,,,,,,,,,,,,,,
,,,,,,,,,,,,,,,,,,,,,,,,,
,,,,,,,,,,,,,,,,,,,,,,,,,
,,,,,,,,,,,,,,,,,,,,,,,,,
,,,,,,,,,,,,,,,,,,,,,,,,,
,,,,,,,,,,,,,,,,,,,,,,,,,
,,,,,,,,,,,,,,,,,,,,,,,,,
,,,,,,,,,,,,,,,,,,,,,,,,,
,,,,,,,,,,,,,,,,,,,,,,,,,
,,,,,,,,,,,,,,,,,,,,,,,,,
,,,,,,,,,,,,,,,,,,,,,,,,,
,,,,,,,,,,,,,,,,,,,,,,,,,
,,,,,,,,,,,,,,,,,,,,,,,,,
,,,,,,,,,,,,,,,,,,,,,,,,,
,,,,,,,,,,,,,,,,,,,,,,,,,
,,,,,,,,,,,,,,,,,,,,,,,,,
,,,,,,,,,,,,,,,,,,,,,,,,,
,,,,,,,,,,,,,,,,,,,,,,,,,
,,,,,,,,,,,,,,,,,,,,,,,,,
,,,,,,,,,,,,,,,,,,,,,,,,,
,,,,,,,,,,,,,,,,,,,,,,,,,
,,,,,,,,,,,,,,,,,,,,,,,,,
,,,,,,,,,,,,,,,,,,,,,,,,,
,,,,,,,,,,,,,,,,,,,,,,,,,
,,,,,,,,,,,,,,,,,,,,,,,,,
,,,,,,,,,,,,,,,,,,,,,,,,,
,,,,,,,,,,,,,,,,,,,,,,,,,
,,,,,,,,,,,,,,,,,,,,,,,,,
,,,,,,,,,,,,,,,,,,,,,,,,,
,,,,,,,,,,,,,,,,,,,,,,,,,
,,,,,,,,,,,,,,,,,,,,,,,,,
,,,,,,,,,,,,,,,,,,,,,,,,,
,,,,,,,,,,,,,,,,,,,,,,,,,
,,,,,,,,,,,,,,,,,,,,,,,,,
,,,,,,,,,,,,,,,,,,,,,,,,,
,,,,,,,,,,,,,,,,,,,,,,,,,
,,,,,,,,,,,,,,,,,,,,,,,,,
,,,,,,,,,,,,,,,,,,,,,,,,,
,,,,,,,,,,,,,,,,,,,,,,,,,
,,,,,,,,,,,,,,,,,,,,,,,,,
,,,,,,,,,,,,,,,,,,,,,,,,,
,,,,,,,,,,,,,,,,,,,,,,,,,
,,,,,,,,,,,,,,,,,,,,,,,,,
,,,,,,,,,,,,,,,,,,,,,,,,,
,,,,,,,,,,,,,,,,,,,,,,,,,
,,,,,,,,,,,,,,,,,,,,,,,,,
,,,,,,,,,,,,,,,,,,,,,,,,,
,,,,,,,,,,,,,,,,,,,,,,,,,
,,,,,,,,,,,,,,,,,,,,,,,,,
,,,,,,,,,,,,,,,,,,,,,,,,,
,,,,,,,,,,,,,,,,,,,,,,,,,
,,,,,,,,,,,,,,,,,,,,,,,,,
,,,,,,,,,,,,,,,,,,,,,,,,,
,,,,,,,,,,,,,,,,,,,,,,,,,
,,,,,,,,,,,,,,,,,,,,,,,,,
,,,,,,,,,,,,,,,,,,,,,,,,,
,,,,,,,,,,,,,,,,,,,,,,,,,
,,,,,,,,,,,,,,,,,,,,,,,,,
,,,,,,,,,,,,,,,,,,,,,,,,,
,,,,,,,,,,,,,,,,,,,,,,,,,
,,,,,,,,,,,,,,,,,,,,,,,,,
,,,,,,,,,,,,,,,,,,,,,,,,,
,,,,,,,,,,,,,,,,,,,,,,,,,
,,,,,,,,,,,,,,,,,,,,,,,,,
,,,,,,,,,,,,,,,,,,,,,,,,,
,,,,,,,,,,,,,,,,,,,,,,,,,
,,,,,,,,,,,,,,,,,,,,,,,,,
,,,,,,,,,,,,,,,,,,,,,,,,,
,,,,,,,,,,,,,,,,,,,,,,,,,
,,,,,,,,,,,,,,,,,,,,,,,,,
,,,,,,,,,,,,,,,,,,,,,,,,,
,,,,,,,,,,,,,,,,,,,,,,,,,
,,,,,,,,,,,,,,,,,,,,,,,,,
,,,,,,,,,,,,,,,,,,,,,,,,,
,,,,,,,,,,,,,,,,,,,,,,,,,
,,,,,,,,,,,,,,,,,,,,,,,,,
,,,,,,,,,,,,,,,,,,,,,,,,,
,,,,,,,,,,,,,,,,,,,,,,,,,
,,,,,,,,,,,,,,,,,,,,,,,,,
,,,,,,,,,,,,,,,,,,,,,,,,,
,,,,,,,,,,,,,,,,,,,,,,,,,
,,,,,,,,,,,,,,,,,,,,,,,,,
,,,,,,,,,,,,,,,,,,,,,,,,,
,,,,,,,,,,,,,,,,,,,,,,,,,
,,,,,,,,,,,,,,,,,,,,,,,,,
,,,,,,,,,,,,,,,,,,,,,,,,,
,,,,,,,,,,,,,,,,,,,,,,,,,
,,,,,,,,,,,,,,,,,,,,,,,,,
,,,,,,,,,,,,,,,,,,,,,,,,,
,,,,,,,,,,,,,,,,,,,,,,,,,
,,,,,,,,,,,,,,,,,,,,,,,,,
,,,,,,,,,,,,,,,,,,,,,,,,,
,,,,,,,,,,,,,,,,,,,,,,,,,
,,,,,,,,,,,,,,,,,,,,,,,,,
,,,,,,,,,,,,,,,,,,,,,,,,,
,,,,,,,,,,,,,,,,,,,,,,,,,
,,,,,,,,,,,,,,,,,,,,,,,,,
,,,,,,,,,,,,,,,,,,,,,,,,,
,,,,,,,,,,,,,,,,,,,,,,,,,
,,,,,,,,,,,,,,,,,,,,,,,,,
,,,,,,,,,,,,,,,,,,,,,,,,,
,,,,,,,,,,,,,,,,,,,,,,,,,
,,,,,,,,,,,,,,,,,,,,,,,,,
,,,,,,,,,,,,,,,,,,,,,,,,,
,,,,,,,,,,,,,,,,,,,,,,,,,
,,,,,,,,,,,,,,,,,,,,,,,,,
,,,,,,,,,,,,,,,,,,,,,,,,,
,,,,,,,,,,,,,,,,,,,,,,,,,
,,,,,,,,,,,,,,,,,,,,,,,,,
,,,,,,,,,,,,,,,,,,,,,,,,,
,,,,,,,,,,,,,,,,,,,,,,,,,
,,,,,,,,,,,,,,,,,,,,,,,,,
,,,,,,,,,,,,,,,,,,,,,,,,,
,,,,,,,,,,,,,,,,,,,,,,,,,
,,,,,,,,,,,,,,,,,,,,,,,,,
,,,,,,,,,,,,,,,,,,,,,,,,,
,,,,,,,,,,,,,,,,,,,,,,,,,
,,,,,,,,,,,,,,,,,,,,,,,,,
,,,,,,,,,,,,,,,,,,,,,,,,,
,,,,,,,,,,,,,,,,,,,,,,,,,
,,,,,,,,,,,,,,,,,,,,,,,,,
,,,,,,,,,,,,,,,,,,,,,,,,,
,,,,,,,,,,,,,,,,,,,,,,,,,
,,,,,,,,,,,,,,,,,,,,,,,,,
,,,,,,,,,,,,,,,,,,,,,,,,,
,,,,,,,,,,,,,,,,,,,,,,,,,
,,,,,,,,,,,,,,,,,,,,,,,,,
,,,,,,,,,,,,,,,,,,,,,,,,,
,,,,,,,,,,,,,,,,,,,,,,,,,
,,,,,,,,,,,,,,,,,,,,,,,,,
,,,,,,,,,,,,,,,,,,,,,,,,,
,,,,,,,,,,,,,,,,,,,,,,,,,
,,,,,,,,,,,,,,,,,,,,,,,,,
,,,,,,,,,,,,,,,,,,,,,,,,,
,,,,,,,,,,,,,,,,,,,,,,,,,
,,,,,,,,,,,,,,,,,,,,,,,,,
,,,,,,,,,,,,,,,,,,,,,,,,,
,,,,,,,,,,,,,,,,,,,,,,,,,
,,,,,,,,,,,,,,,,,,,,,,,,,
,,,,,,,,,,,,,,,,,,,,,,,,,
,,,,,,,,,,,,,,,,,,,,,,,,,
,,,,,,,,,,,,,,,,,,,,,,,,,
,,,,,,,,,,,,,,,,,,,,,,,,,
,,,,,,,,,,,,,,,,,,,,,,,,,
,,,,,,,,,,,,,,,,,,,,,,,,,
,,,,,,,,,,,,,,,,,,,,,,,,,
,,,,,,,,,,,,,,,,,,,,,,,,,
,,,,,,,,,,,,,,,,,,,,,,,,,
,,,,,,,,,,,,,,,,,,,,,,,,,
,,,,,,,,,,,,,,,,,,,,,,,,,
,,,,,,,,,,,,,,,,,,,,,,,,,
,,,,,,,,,,,,,,,,,,,,,,,,,
,,,,,,,,,,,,,,,,,,,,,,,,,
,,,,,,,,,,,,,,,,,,,,,,,,,
,,,,,,,,,,,,,,,,,,,,,,,,,
,,,,,,,,,,,,,,,,,,,,,,,,,
,,,,,,,,,,,,,,,,,,,,,,,,,