Name,Total Raised,Total from Small Donors,Percent from Small Donors*,total money raised,party_code,party_full,Total Raised_num,Total from Small Donors_num,pct_small_donors,clean_name,match_score,match_method,first,last,official_full,party,chamber,state,bioguide,twitter,quartile,sample_method
SpartzVictoria Spartz (R),$811493,$408852,50.38%,Raised over $100k,R,Republican,811493,408852,50.38,Victoria Spartz,100.0,auto,Victoria,Spartz,Victoria Spartz,Republican,rep,IN,S000929,RepSpartz,Q4 (highest),full_house
BurgessMichael Burgess (R),$1200022,$604170,50.35%,Raised over $100k,R,Republican,1200022,604170,50.35,Michael C. Burgess,100.0,manual,,,Michael C. Burgess,Republican,rep,TX,B001248,MichaelCBurgess,Q4 (highest),full_house
MillerMary Miller (R),$1560026,$769100,49.30%,Raised over $100k,R,Republican,1560026,769100,49.3,Mary Miller,88.0,auto,Mary,Miller,Mary E. Miller,Republican,rep,IL,M001211,RepMaryMiller,Q4 (highest),full_house
FrostMaxwell Frost (D),$3930459,$1924972,48.98%,Raised over $100k,D,Democrat,3930459,1924972,48.98,Maxwell Frost,100.0,auto,Maxwell,Frost,Maxwell Frost,Democrat,rep,FL,F000476,RepMaxwellFrost,Q4 (highest),full_house
ComerJames Comer (R),$7596325,$3611561,47.54%,Raised over $100k,R,Republican,7596325,3611561,47.54,James Comer,100.0,auto,James,Comer,James Comer,Republican,rep,KY,C001108,RepJamesComer,Q4 (highest),full_house
BoebertLauren Boebert (R),$4730531,$2178726,46.06%,Raised over $100k,R,Republican,4730531,2178726,46.06,Lauren Boebert,100.0,auto,Lauren,Boebert,Lauren Boebert,Republican,rep,CO,B000825,RepBoebert,Q4 (highest),full_house
CrockettJasmine Crockett (D),$3036171,$1369700,45.11%,Raised over $100k,D,Democrat,3036171,1369700,45.11,Jasmine Crockett,100.0,auto,Jasmine,Crockett,Jasmine Crockett,Democrat,rep,TX,C001130,RepJasmine,Q4 (highest),full_house
AllredColin Allred (D),$92580217,$41272085,44.58%,Raised over $100k,D,Democrat,92580217,41272085,44.58,Colin Z. Allred,100.0,manual,,,Colin Z. Allred,Democrat,rep,TX,A000376,RepColinAllred,Q4 (highest),full_house
HagemanHarriet Hageman (R),$3000255,$1332164,44.40%,Raised over $100k,R,Republican,3000255,1332164,44.4,Harriet Hageman,90.9,auto,Harriet,Hageman,Harriet M. Hageman,Republican,rep,WY,H001096,RepHageman,Q4 (highest),full_house
BiggsAndy Biggs (R),$1354408,$585838,43.25%,Raised over $100k,R,Republican,1354408,585838,43.25,Andy Biggs,100.0,auto,Andy,Biggs,Andy Biggs,Republican,rep,AZ,B001302,RepAndyBiggsAZ,Q4 (highest),full_house
PaulinaAnna Paulina Luna (R),$3662980,$1521833,41.55%,Raised over $100k,R,Republican,3662980,1521833,41.55,Morgan Luttrell,100.0,manual,,,Morgan Luttrell,Republican,rep,TX,L000603,RepLuttrell,Q4 (highest),full_house
DonaldsByron Donalds (R),$6563388,$2616547,39.87%,Raised over $100k,R,Republican,6563388,2616547,39.87,Byron Donalds,100.0,auto,Byron,Donalds,Byron Donalds,Republican,rep,FL,D000032,RepDonaldsPress,Q4 (highest),full_house
JeffriesHakeem Jeffries (D),$22820569,$8694626,38.10%,Raised over $100k,D,Democrat,22820569,8694626,38.1,Hakeem Jeffries,90.9,auto,Hakeem,Jeffries,Hakeem S. Jeffries,Democrat,rep,NY,J000294,RepJeffries,Q4 (highest),full_house
ZinkeRyan Zinke (R),$9990150,$3732209,37.36%,Raised over $100k,R,Republican,9990150,3732209,37.36,Ryan Zinke,87.0,auto,Ryan,Zinke,Ryan K. Zinke,Republican,rep,MT,Z000018,RepRyanZinke,Q4 (highest),full_house
RaskinJamie Raskin (D),$4783442,$1733201,36.23%,Raised over $100k,D,Democrat,4783442,1733201,36.23,Jamie Raskin,100.0,auto,Jamie,Raskin,Jamie Raskin,Democrat,rep,MD,R000606,RepRaskin,Q4 (highest),full_house
YakymRudy Yakym (R),$3578624,$1264452,35.33%,Raised over $100k,R,Republican,3578624,1264452,35.33,Rudy Yakym,83.3,auto,Rudy,Yakym,Rudy Yakym III,Republican,rep,IN,Y000067,RepRudyYakym,Q4 (highest),full_house
DeMonica De La Cruz (R),$7884300,$2781246,35.28%,Raised over $100k,R,Republican,7884300,2781246,35.28,Monica De La Cruz,100.0,manual,,,Monica De La Cruz,Republican,rep,TX,D000594,RepMonicaDLC,Q4 (highest),full_house
EllzeyJake Ellzey (R),$6480006,$2262349,34.91%,Raised over $100k,R,Republican,6480006,2262349,34.91,Jake Ellzey,100.0,auto,Jake,Ellzey,Jake Ellzey,Republican,rep,TX,E000071,RepEllzey,Q4 (highest),full_house
MillsCory Mills (R),$1609397,$556808,34.60%,Raised over $100k,R,Republican,1609397,556808,34.6,Cory Mills,100.0,auto,Cory,Mills,Cory Mills,Republican,rep,FL,M001216,RepMillsPress,Q4 (highest),full_house
MastBrian Mast (R),$3974043,$1366501,34.39%,Raised over $100k,R,Republican,3974043,1366501,34.39,Brian Mast,87.0,auto,Brian,Mast,Brian J. Mast,Republican,rep,FL,M001199,RepBrianMast,Q4 (highest),full_house
PorterKatie Porter (D),$32119165,$10902528,33.94%,Raised over $100k,D,Democrat,32119165,10902528,33.94,Katie Porter,100.0,manual,,,Katie Porter,Democrat,rep,CA,P000618,RepKatiePorter,Q4 (highest),full_house
PeltolaMary Peltola (D),$13210877,$4395102,33.27%,Raised over $100k,D,Democrat,13210877,4395102,33.27,Mary Sattler Peltola,100.0,manual,,,Mary Sattler Peltola,Democrat,rep,AK,P000619,Rep_Peltola,Q4 (highest),full_house
BushCori Bush (D),$3931525,$1288772,32.78%,Raised over $100k,D,Democrat,3931525,1288772,32.78,Wesley Bell,100.0,manual,,,Wesley Bell,Democrat,rep,MO,B001324,RepWesleyBellMO,Q4 (highest),full_house
JacksonJeff Jackson (D),$768284,$249285,32.45%,Raised over $100k,D,Democrat,768284,249285,32.45,Jeff Jackson,100.0,manual,,,Jeff Jackson,Democrat,rep,NC,J000308,RepJeffJackson,Q4 (highest),full_house
ReschenthalerGuy Reschenthaler (R),$4327277,$1380397,31.90%,Raised over $100k,R,Republican,4327277,1380397,31.9,Guy Reschenthaler,100.0,auto,Guy,Reschenthaler,Guy Reschenthaler,Republican,rep,PA,R000610,GReschenthaler,Q4 (highest),full_house
TlaibRashida Tlaib (D),$8361649,$2660970,31.82%,Raised over $100k,D,Democrat,8361649,2660970,31.82,Rashida Tlaib,100.0,auto,Rashida,Tlaib,Rashida Tlaib,Democrat,rep,MI,T000481,RepRashida,Q4 (highest),full_house
GrijalvaRaul M Grijalva (D),$637820,$191331,30.00%,Raised over $100k,D,Democrat,637820,191331,30.0,Raúl M. Grijalva,100.0,manual,,,Raúl M. Grijalva,Democrat,rep,AZ,G000551,RepRaulGrijalva,Q4 (highest),full_house
CrenshawDan Crenshaw (R),$4056322,$1209494,29.82%,Raised over $100k,R,Republican,4056322,1209494,29.82,Dan Crenshaw,100.0,auto,Dan,Crenshaw,Dan Crenshaw,Republican,rep,TX,C001120,RepDanCrenshaw,Q4 (highest),full_house
VanDerrick Van Orden (R),$7458951,$2210768,29.64%,Raised over $100k,R,Republican,7458951,2210768,29.64,Derrick Van Orden,100.0,manual,,,Derrick Van Orden,Republican,rep,WI,V000135,RepVanOrden,Q4 (highest),full_house
VanJeff Van Drew (R),$3197984,$935417,29.25%,Raised over $100k,R,Republican,3197984,935417,29.25,Jefferson Van Drew,100.0,manual,,,Jefferson Van Drew,Republican,rep,NJ,V000133,Congressman_JVD,Q4 (highest),full_house
RoyChip Roy (R),$2884881,$842825,29.22%,Raised over $100k,R,Republican,2884881,842825,29.22,Chip Roy,100.0,auto,Chip,Roy,Chip Roy,Republican,rep,TX,R000614,RepChipRoy,Q4 (highest),full_house
BowmanJamaal Bowman (D),$5626499,$1632542,29.02%,Raised over $100k,D,Democrat,5626499,1632542,29.02,Jamaal Bowman,100.0,manual,,,Jamaal Bowman,Democrat,rep,NY,B001223,RepBowman,Q4 (highest),full_house
CrowJason Crow (D),$2182039,$614488,28.16%,Raised over $100k,D,Democrat,2182039,614488,28.16,Jason Crow,100.0,auto,Jason,Crow,Jason Crow,Democrat,rep,CO,C001121,RepJasonCrow,Q4 (highest),full_house
PressleyAyanna Pressley (D),$1411509,$394610,27.96%,Raised over $100k,D,Democrat,1411509,394610,27.96,Ayanna Pressley,100.0,auto,Ayanna,Pressley,Ayanna Pressley,Democrat,rep,MA,P000617,RepPressley,Q4 (highest),full_house
JohnsonMike Johnson (R),$19065042,$5236369,27.47%,Raised over $100k,R,Republican,19065042,5236369,27.47,Mike Johnson,100.0,auto,Mike,Johnson,Mike Johnson,Republican,rep,LA,J000299,RepMikeJohnson,Q4 (highest),full_house
PerryScott Perry (R),$4471323,$1202185,26.89%,Raised over $100k,R,Republican,4471323,1202185,26.89,Scott Perry,100.0,auto,Scott,Perry,Scott Perry,Republican,rep,PA,P000605,RepScottPerry,Q4 (highest),full_house
JayapalPramila Jayapal (D),$2793025,$738280,26.43%,Raised over $100k,D,Democrat,2793025,738280,26.43,Pramila Jayapal,100.0,auto,Pramila,Jayapal,Pramila Jayapal,Democrat,rep,WA,J000298,RepJayapal,Q4 (highest),full_house
LuttrellMorgan Luttrell (R),$1861800,$491411,26.39%,Raised over $100k,R,Republican,1861800,491411,26.39,Morgan Luttrell,100.0,auto,Morgan,Luttrell,Morgan Luttrell,Republican,rep,TX,L000603,RepLuttrell,Q4 (highest),full_house
HuntWesley Hunt (R),$2760120,$719422,26.06%,Raised over $100k,R,Republican,2760120,719422,26.06,Wesley Hunt,100.0,auto,Wesley,Hunt,Wesley Hunt,Republican,rep,TX,H001095,RepWesleyHunt,Q4 (highest),full_house
JamesJohn James (R),$9477442,$2441780,25.76%,Raised over $100k,R,Republican,9477442,2441780,25.76,John James,100.0,auto,John,James,John James,Republican,rep,MI,J000307,RepJames,Q4 (highest),full_house
WaltzMichael Waltz (R),$2791083,$661047,23.68%,Raised over $100k,R,Republican,2791083,661047,23.68,Michael Waltz,100.0,manual,,,Michael Waltz,Republican,rep,FL,W000823,RepMichaelWaltz,Q4 (highest),full_house
BurchettTim Burchett (R),$1229828,$287186,23.35%,Raised over $100k,R,Republican,1229828,287186,23.35,Tim Burchett,100.0,auto,Tim,Burchett,Tim Burchett,Republican,rep,TN,B001309,RepTimBurchett,Q4 (highest),full_house
McClellanJennifer McClellan (D),$2694818,$628053,23.31%,Raised over $100k,D,Democrat,2694818,628053,23.31,Jennifer McClellan,92.3,auto,Jennifer,McClellan,Jennifer L. McClellan,Democrat,rep,VA,M001227,RepMcClellan,Q4 (highest),full_house
GarciaRobert Garcia (D),$1326793,$292761,22.07%,Raised over $100k,D,Democrat,1326793,292761,22.07,Robert Garcia,100.0,auto,Robert,Garcia,Robert Garcia,Democrat,rep,CA,G000598,RepRobertGarcia,Q4 (highest),full_house
McClainLisa McClain (R),$1029112,$215130,20.90%,Raised over $100k,R,Republican,1029112,215130,20.9,Lisa McClain,88.9,auto,Lisa,McClain,Lisa C. McClain,Republican,rep,MI,M001136,RepLisaMcClain,Q4 (highest),full_house
SpanbergerAbigail Spanberger (D),$1723491,$359003,20.83%,Raised over $100k,D,Democrat,1723491,359003,20.83,Abigail Davis Spanberger,100.0,manual,,,Abigail Davis Spanberger,Democrat,rep,VA,S001209,RepSpanberger,Q4 (highest),full_house
GoodBob Good (R),$1328803,$262684,19.77%,Raised over $100k,R,Republican,1328803,262684,19.77,Bob Good,100.0,manual,,,Bob Good,Republican,rep,VA,G000595,RepBobGood,Q4 (highest),full_house
TenneyClaudia Tenney (R),$2993079,$589942,19.71%,Raised over $100k,R,Republican,2993079,589942,19.71,Claudia Tenney,100.0,auto,Claudia,Tenney,Claudia Tenney,Republican,rep,NY,T000478,RepTenney,Q4 (highest),full_house
OwensBurgess Owens (R),$1449406,$285518,19.70%,Raised over $100k,R,Republican,1449406,285518,19.7,Burgess Owens,100.0,auto,Clarence,Owens,Burgess Owens,Republican,rep,UT,O000086,RepBurgessOwens,Q4 (highest),full_house
DuncanJeff Duncan (R),$784969,$146993,18.73%,Raised over $100k,R,Republican,784969,146993,18.73,Jeff Duncan,100.0,manual,,,Jeff Duncan,Republican,rep,SC,D000615,RepJeffDuncan,Q4 (highest),full_house
WagnerAnn Wagner (R),$4213631,$770676,18.29%,Raised over $100k,R,Republican,4213631,770676,18.29,Ann Wagner,100.0,auto,Ann,Wagner,Ann Wagner,Republican,rep,MO,W000812,RepAnnWagner,Q4 (highest),full_house
PocanMark Pocan (D),$1064083,$189287,17.79%,Raised over $100k,D,Democrat,1064083,189287,17.79,Mark Pocan,100.0,auto,Mark,Pocan,Mark Pocan,Democrat,rep,WI,P000607,RepMarkPocan,Q4 (highest),full_house
KiggansJen Kiggans (R),$6434811,$1134837,17.64%,Raised over $100k,R,Republican,6434811,1134837,17.64,Jen Kiggans,73.3,auto,Jennifer,Kiggans,Jennifer A. Kiggans,Republican,rep,VA,K000399,RepJenKiggans,Q4 (highest),full_house
KileyKevin Kiley (R),$4187895,$736088,17.58%,Raised over $100k,R,Republican,4187895,736088,17.58,Kevin Kiley,100.0,auto,Kevin,Kiley,Kevin Kiley,Republican,rep,CA,K000401,RepKiley,Q4 (highest),full_house
MooneyAlex Mooney (R),$1952747,$342324,17.53%,Raised over $100k,R,Republican,1952747,342324,17.53,Alexander X. Mooney,100.0,manual,,,Alexander X. Mooney,Republican,rep,WV,M001195,RepAlexMooney,Q4 (highest),full_house
SteelMichelle Steel (R),$10449923,$1816823,17.39%,Raised over $100k,R,Republican,10449923,1816823,17.39,Michelle Steel,100.0,manual,,,Michelle Steel,Republican,rep,CA,S001135,RepSteel,Q4 (highest),full_house
HarshbargerDiana Harshbarger (R),$1872094,$324407,17.33%,Raised over $100k,R,Republican,1872094,324407,17.33,Diana Harshbarger,100.0,auto,Diana,Harshbarger,Diana Harshbarger,Republican,rep,TN,H001086,RepHarshbarger,Q4 (highest),full_house
GosarPaul Gosar (R),$459220,$75643,16.47%,Raised over $100k,R,Republican,459220,75643,16.47,Paul Gosar,87.0,auto,Paul,Gosar,Paul A. Gosar,Republican,rep,AZ,G000565,RepGosar,Q4 (highest),full_house
CammackKat Cammack (R),$2634508,$433343,16.45%,Raised over $100k,R,Republican,2634508,433343,16.45,Kat Cammack,100.0,auto,Katherine,Cammack,Kat Cammack,Republican,rep,FL,C001039,RepKatCammack,Q4 (highest),full_house
HayesJahana Hayes (D),$4048084,$657678,16.25%,Raised over $100k,D,Democrat,4048084,657678,16.25,Jahana Hayes,100.0,auto,Jahana,Hayes,Jahana Hayes,Democrat,rep,CT,H001081,RepJahanaHayes,Q4 (highest),full_house
CaraveoYadira Caraveo (D),$8048643,$1294679,16.09%,Raised over $100k,D,Democrat,8048643,1294679,16.09,Yadira Caraveo,100.0,manual,,,Yadira Caraveo,Democrat,rep,CO,C001134,YadiraCaraveo,Q4 (highest),full_house
FousheeValerie Foushee (D),$683926,$109725,16.04%,Raised over $100k,D,Democrat,683926,109725,16.04,Valerie Foushee,90.9,auto,Valerie,Foushee,Valerie P. Foushee,Democrat,rep,NC,F000477,ValerieFoushee,Q4 (highest),full_house
HinsonAshley Hinson (R),$5565617,$888904,15.97%,Raised over $100k,R,Republican,5565617,888904,15.97,Ashley Hinson,100.0,auto,Ashley,Hinson,Ashley Hinson,Republican,rep,IA,H001091,RepAshleyHinson,Q4 (highest),full_house
McClintockTom McClintock (R),$1143387,$180914,15.82%,Raised over $100k,R,Republican,1143387,180914,15.82,Tom McClintock,100.0,auto,Tom,McClintock,Tom McClintock,Republican,rep,CA,M001177,RepMcClintock,Q4 (highest),full_house
UnderwoodLauren A Underwood (D),$4082518,$644232,15.78%,Raised over $100k,D,Democrat,4082518,644232,15.78,Lauren A Underwood,94.1,auto,Lauren,Underwood,Lauren Underwood,Democrat,rep,IL,U000040,RepUnderwood,Q4 (highest),full_house
SmithChris Smith (R),$838537,$130989,15.62%,Raised over $100k,R,Republican,838537,130989,15.62,Chris Smith,71.0,auto,Christopher,Smith,Christopher H. Smith,Republican,rep,NJ,S000522,RepChrisSmith,Q4 (highest),full_house
SteubeGreg Steube (R),$1710108,$266852,15.60%,Raised over $100k,R,Republican,1710108,266852,15.6,Greg Steube,78.6,auto,W.,Steube,W. Gregory Steube,Republican,rep,FL,S001214,RepGregSteube,Q4 (highest),full_house
BalintBecca Balint (D),$1372634,$214118,15.60%,Raised over $100k,D,Democrat,1372634,214118,15.6,Becca Balint,100.0,auto,Becca,Balint,Becca Balint,Democrat,rep,VT,B001318,RepBeccaB,Q4 (highest),full_house
StansburyMelanie Stansbury (D),$1343239,$209339,15.58%,Raised over $100k,D,Democrat,1343239,209339,15.58,Melanie Stansbury,91.9,auto,Melanie,Stansbury,Melanie A. Stansbury,Democrat,rep,NM,S001218,Rep_Stansbury,Q4 (highest),full_house
GarciaMike Garcia (R),$6485208,$1007275,15.53%,Raised over $100k,R,Republican,6485208,1007275,15.53,Robert Garcia,100.0,manual,,,Robert Garcia,Democrat,rep,CA,G000598,RepRobertGarcia,Q4 (highest),full_house
HigginsClay Higgins (R),$1016991,$157875,15.52%,Raised over $100k,R,Republican,1016991,157875,15.52,Clay Higgins,100.0,auto,Clay,Higgins,Clay Higgins,Republican,rep,LA,H001077,RepClayHiggins,Q4 (highest),full_house
WildSusan Wild (D),$8856117,$1374447,15.52%,Raised over $100k,D,Democrat,8856117,1374447,15.52,Susan Wild,100.0,manual,,,Susan Wild,Democrat,rep,PA,W000826,RepSusanWild,Q4 (highest),full_house
BurlisonEric Burlison (R),$923026,$143138,15.51%,Raised over $100k,R,Republican,923026,143138,15.51,Eric Burlison,100.0,auto,Eric,Burlison,Eric Burlison,Republican,rep,MO,B001316,RepEricBurlison,Q4 (highest),full_house
GluesenkampMarie Gluesenkamp Perez (D),$11660957,$1798924,15.43%,Raised over $100k,D,Democrat,11660957,1798924,15.43,Craig A. Goldman,100.0,manual,,,Craig A. Goldman,Republican,rep,TX,G000601,RepCraigGoldman,Q4 (highest),full_house
McBathLucy McBath (D),$2431244,$368999,15.18%,Raised over $100k,D,Democrat,2431244,368999,15.18,Lucy McBath,100.0,auto,Lucy,McBath,Lucy McBath,Democrat,rep,GA,M001208,RepLucyMcBath,Q4 (highest),full_house
HarderJosh Harder (D),$5306590,$800349,15.08%,Raised over $100k,D,Democrat,5306590,800349,15.08,Josh Harder,100.0,auto,Josh,Harder,Josh Harder,Democrat,rep,CA,H001090,RepJoshHarder,Q4 (highest),full_house
MoultonSeth Moulton (D),$2849440,$428950,15.05%,Raised over $100k,D,Democrat,2849440,428950,15.05,Seth Moulton,100.0,auto,Seth,Moulton,Seth Moulton,Democrat,rep,MA,M001196,RepMoulton,Q4 (highest),full_house
GoldenJared Golden (D),$7743101,$1128219,14.57%,Raised over $100k,D,Democrat,7743101,1128219,14.57,Jared Golden,88.9,auto,Jared,Golden,Jared F. Golden,Democrat,rep,ME,G000592,RepGolden,Q4 (highest),full_house
TiffanyTom Tiffany (R),$1241429,$177927,14.33%,Raised over $100k,R,Republican,1241429,177927,14.33,Thomas P. Tiffany,100.0,manual,,,Thomas P. Tiffany,Republican,rep,WI,T000165,RepTiffany,Q4 (highest),full_house
GrothmanGlenn Grothman (R),$985756,$139944,14.20%,Raised over $100k,R,Republican,985756,139944,14.2,Glenn Grothman,100.0,auto,Glenn,Grothman,Glenn Grothman,Republican,rep,WI,G000576,RepGrothman,Q4 (highest),full_house
ConnollyGerry Connolly (D),$2517838,$356034,14.14%,Raised over $100k,D,Democrat,2517838,356034,14.14,Gerald E. Connolly,100.0,manual,,,Gerald E. Connolly,Democrat,rep,VA,C001078,GerryConnolly,Q4 (highest),full_house
FischbachMichelle Fischbach (R),$2010301,$281783,14.02%,Raised over $100k,R,Republican,2010301,281783,14.02,Michelle Fischbach,100.0,auto,Michelle,Fischbach,Michelle Fischbach,Republican,rep,MN,F000470,RepFischbach,Q4 (highest),full_house
SykesEmilia Sykes (D),$5270437,$715744,13.58%,Raised over $100k,D,Democrat,5270437,715744,13.58,Emilia Sykes,77.4,auto,Emilia,Sykes,Emilia Strong Sykes,Democrat,rep,OH,S001223,RepEmiliaSykes,Q4 (highest),full_house
SherrillMikie Sherrill (D),$4400561,$591662,13.45%,Raised over $100k,D,Democrat,4400561,591662,13.45,Mikie Sherrill,100.0,manual,,,Mikie Sherrill,Democrat,rep,NJ,S001207,RepSherrill,Q4 (highest),full_house
WilliamsBrandon Williams (R),$4172151,$554346,13.29%,Raised over $100k,R,Republican,4172151,554346,13.29,Brandon Williams,100.0,manual,,,Brandon Williams,Republican,rep,NY,W000828,RepWilliams,Q3,full_house
SwalwellEric Swalwell (D),$3885636,$511246,13.16%,Raised over $100k,D,Democrat,3885636,511246,13.16,Eric Swalwell,100.0,auto,Eric,Swalwell,Eric Swalwell,Democrat,rep,CA,S001193,RepSwalwell,Q3,full_house
MaceNancy Mace (R),$3461772,$449704,12.99%,Raised over $100k,R,Republican,3461772,449704,12.99,Nancy Mace,100.0,auto,Nancy,Mace,Nancy Mace,Republican,rep,SC,M000194,RepNancyMace,Q3,full_house
MoskowitzJared Moskowitz (D),$2169791,$280960,12.95%,Raised over $100k,D,Democrat,2169791,280960,12.95,Jared Moskowitz,100.0,auto,Jared,Moskowitz,Jared Moskowitz,Democrat,rep,FL,M001217,RepMoskowitz,Q3,full_house
CourtneyJoe Courtney (D),$1265677,$160372,12.67%,Raised over $100k,D,Democrat,1265677,160372,12.67,Joe Courtney,100.0,auto,Joe,Courtney,Joe Courtney,Democrat,rep,CT,C001069,RepJoeCourtney,Q3,full_house
SalinasAndrea Salinas (D),$5312185,$670954,12.63%,Raised over $100k,D,Democrat,5312185,670954,12.63,Andrea Salinas,100.0,auto,Andrea,Salinas,Andrea Salinas,Democrat,rep,OR,S001226,repsalinas,Q3,full_house
PingreeChellie Pingree (D),$661687,$82710,12.50%,Raised over $100k,D,Democrat,661687,82710,12.5,Chellie Pingree,100.0,auto,Chellie,Pingree,Chellie Pingree,Democrat,rep,ME,P000597,ChelliePingree,Q3,full_house
RosendaleMatt Rosendale (R),$790441,$97482,12.33%,Raised over $100k,R,Republican,790441,97482,12.33,"Matthew M. Rosendale, Sr.",100.0,manual,,,"Matthew M. Rosendale, Sr.",Republican,rep,MT,R000103,RepRosendale,Q3,full_house
LegerTeresa Leger Fernandez (D),$2105098,$254871,12.11%,Raised over $100k,D,Democrat,2105098,254871,12.11,Alan S. Lowenthal,100.0,manual,,,Alan S. Lowenthal,Democrat,rep,CA,L000579,RepLowenthal,Q3,full_house
McCaulMichael McCaul (R),$3127715,$377739,12.08%,Raised over $100k,R,Republican,3127715,377739,12.08,Michael McCaul,90.3,auto,Michael,McCaul,Michael T. McCaul,Republican,rep,TX,M001157,RepMcCaul,Q3,full_house
OglesAndy Ogles (R),$953830,$113373,11.89%,Raised over $100k,R,Republican,953830,113373,11.89,Andy Ogles,81.8,auto,Andrew,Ogles,Andrew Ogles,Republican,rep,TN,O000175,repogles,Q3,full_house
CraigAngie Craig (D),$7785521,$920160,11.82%,Raised over $100k,D,Democrat,7785521,920160,11.82,Angie Craig,100.0,auto,Angie,Craig,Angie Craig,Democrat,rep,MN,C001119,RepAngieCraig,Q3,full_house
BairdJim Baird (R),$455568,$52686,11.56%,Raised over $100k,R,Republican,455568,52686,11.56,James R. Baird,100.0,manual,,,James R. Baird,Republican,rep,IN,B001307,RepJimBaird,Q3,full_house
Chavez-DeremerLori Chavez-Deremer (R),$5962097,$687815,11.54%,Raised over $100k,R,Republican,5962097,687815,11.54,Lori Chavez-DeRemer,100.0,manual,,,Lori Chavez-DeRemer,Republican,rep,OR,C001135,RepLCD,Q3,full_house
KapturMarcy Kaptur (D),$5030990,$574735,11.42%,Raised over $100k,D,Democrat,5030990,574735,11.42,Marcy Kaptur,100.0,auto,Marcy,Kaptur,Marcy Kaptur,Democrat,rep,OH,K000009,RepMarcyKaptur,Q3,full_house
HarrisAndy Harris (R),$1349540,$152803,11.32%,Raised over $100k,R,Republican,1349540,152803,11.32,Andy Harris,100.0,auto,Andy,Harris,Andy Harris,Republican,rep,MD,H001052,RepAndyHarrisMD,Q3,full_house
MalliotakisNicole Malliotakis (R),$3303258,$368457,11.15%,Raised over $100k,R,Republican,3303258,368457,11.15,Nicole Malliotakis,100.0,auto,Nicole,Malliotakis,Nicole Malliotakis,Republican,rep,NY,M000317,RepMalliotakis,Q3,full_house
BergmanJohn Bergman (R),$1948889,$215674,11.07%,Raised over $100k,R,Republican,1948889,215674,11.07,John Bergman,75.0,auto,Jack,Bergman,Jack Bergman,Republican,rep,MI,B001301,RepJackBergman,Q3,full_house
LofgrenZoe Lofgren (D),$2276594,$247668,10.88%,Raised over $100k,D,Democrat,2276594,247668,10.88,Zoe Lofgren,100.0,auto,Zoe,Lofgren,Zoe Lofgren,Democrat,rep,CA,L000397,RepZoeLofgren,Q3,full_house
StauberPete Stauber (R),$2260576,$245854,10.88%,Raised over $100k,R,Republican,2260576,245854,10.88,Pete Stauber,100.0,auto,Pete,Stauber,Pete Stauber,Republican,rep,MN,S001212,RepPeteStauber,Q3,full_house
RamirezDelia Ramirez (D),$1115639,$121089,10.85%,Raised over $100k,D,Democrat,1115639,121089,10.85,Delia Ramirez,89.7,auto,Delia,Ramirez,Delia C. Ramirez,Democrat,rep,IL,R000617,repdeliaramirez,Q3,full_house
CloudMichael Cloud (R),$785113,$80300,10.23%,Raised over $100k,R,Republican,785113,80300,10.23,Michael Cloud,100.0,auto,Michael,Cloud,Michael Cloud,Republican,rep,TX,C001115,RepCloudTX,Q3,full_house
GoldmanDan Goldman (D),$3604421,$365993,10.15%,Raised over $100k,D,Democrat,3604421,365993,10.15,Dan Goldman,78.6,auto,Dan,Goldman,Daniel S. Goldman,Democrat,rep,NY,G000599,RepDanGoldman,Q3,full_house
ScholtenHillary Scholten (D),$5219042,$524791,10.06%,Raised over $100k,D,Democrat,5219042,524791,10.06,Hillary Scholten,91.4,auto,Hillary,Scholten,Hillary J. Scholten,Democrat,rep,MI,S001221,RepScholten,Q3,full_house
SchakowskyJan Schakowsky (D),$1547043,$153233,9.90%,Raised over $100k,D,Democrat,1547043,153233,9.9,Jan Schakowsky,82.4,auto,Janice,Schakowsky,Janice D. Schakowsky,Democrat,rep,IL,S001145,JanSchakowsky,Q3,full_house
TakanoMark Takano (D),$1281860,$125289,9.77%,Raised over $100k,D,Democrat,1281860,125289,9.77,Mark Takano,100.0,auto,Mark,Takano,Mark Takano,Democrat,rep,CA,T000472,RepMarkTakano,Q3,full_house
GreenMark Green (R),$2140409,$207720,9.70%,Raised over $100k,R,Republican,2140409,207720,9.7,Mark E. Green,100.0,manual,,,Mark E. Green,Republican,rep,TN,G000590,RepMarkGreen,Q3,full_house
LevinMike Levin (D),$5512893,$533760,9.68%,Raised over $100k,D,Democrat,5512893,533760,9.68,Mike Levin,100.0,auto,Mike,Levin,Mike Levin,Democrat,rep,CA,L000593,RepMikeLevin,Q3,full_house
SorensenEric Sorensen (D),$4999828,$479638,9.59%,Raised over $100k,D,Democrat,4999828,479638,9.59,Eric Sorensen,100.0,auto,Eric,Sorensen,Eric Sorensen,Democrat,rep,IL,S001225,RepEricSorensen,Q3,full_house
FulcherRuss Fulcher (R),$626646,$59964,9.57%,Raised over $100k,R,Republican,626646,59964,9.57,Russ Fulcher,100.0,auto,Russ,Fulcher,Russ Fulcher,Republican,rep,ID,F000469,RepRussFulcher,Q3,full_house
RyanPat Ryan (D),$7966965,$761213,9.55%,Raised over $100k,D,Democrat,7966965,761213,9.55,Pat Ryan,80.0,auto,Patrick,Ryan,Patrick Ryan,Democrat,rep,NY,R000579,RepPatRyanNY,Q3,full_house
MrvanFrank Mrvan Jr (D),$3182521,$299007,9.40%,Raised over $100k,D,Democrat,3182521,299007,9.4,Frank Mrvan Jr,92.9,auto,Frank,Mrvan,Frank J. Mrvan,Democrat,rep,IN,M001214,RepMrvan,Q3,full_house
PflugerAugust Pfluger (R),$3462839,$320725,9.26%,Raised over $100k,R,Republican,3462839,320725,9.26,August Pfluger,100.0,auto,August,Pfluger,August Pfluger,Republican,rep,TX,P000048,RepPfluger,Q3,full_house
DeluzioChristopher Deluzio (D),$5017315,$463798,9.24%,Raised over $100k,D,Democrat,5017315,463798,9.24,Christopher Deluzio,92.7,auto,Chris,Deluzio,Christopher R. Deluzio,Democrat,rep,PA,D000530,RepDeluzio,Q3,full_house
TonkoPaul Tonko (D),$1541765,$141725,9.19%,Raised over $100k,D,Democrat,1541765,141725,9.19,Paul Tonko,100.0,auto,Paul,Tonko,Paul Tonko,Democrat,rep,NY,T000469,RepPaulTonko,Q3,full_house
HoyleVal Hoyle (D),$2636516,$242102,9.18%,Raised over $100k,D,Democrat,2636516,242102,9.18,Val Hoyle,85.7,auto,Valerie,Hoyle,Val T. Hoyle,Democrat,rep,OR,H001094,repvalhoyle,Q3,full_house
LandsmanGreg Landsman (D),$3674183,$333673,9.08%,Raised over $100k,D,Democrat,3674183,333673,9.08,Greg Landsman,100.0,auto,Greg,Landsman,Greg Landsman,Democrat,rep,OH,L000601,repgreglandsman,Q3,full_house
SchrierKim Schrier (D),$6409926,$563031,8.78%,Raised over $100k,D,Democrat,6409926,563031,8.78,Kim Schrier,100.0,auto,Kim,Schrier,Kim Schrier,Democrat,rep,WA,S001216,RepKimSchrier,Q3,full_house
FinstadBrad Finstad (R),$1954782,$171280,8.76%,Raised over $100k,R,Republican,1954782,171280,8.76,Brad Finstad,100.0,auto,Brad,Finstad,Brad Finstad,Republican,rep,MN,F000475,RepFinstad,Q3,full_house
NeguseJoseph Neguse (D),$2402305,$210215,8.75%,Raised over $100k,D,Democrat,2402305,210215,8.75,Joseph Neguse,87.0,auto,Joe,Neguse,Joe Neguse,Democrat,rep,CO,N000191,RepJoeNeguse,Q3,full_house
KilmerDerek Kilmer (D),$763029,$66457,8.71%,Raised over $100k,D,Democrat,763029,66457,8.71,Derek Kilmer,100.0,manual,,,Derek Kilmer,Democrat,rep,WA,K000381,RepDerekKilmer,Q3,full_house
CasarGreg Casar (D),$1108368,$90943,8.21%,Raised over $100k,D,Democrat,1108368,90943,8.21,Greg Casar,100.0,auto,Gregorio,Casar,Greg Casar,Democrat,rep,TX,C001131,RepCasar,Q3,full_house
WenstrupBrad Wenstrup (R),$618722,$50740,8.20%,Raised over $100k,R,Republican,618722,50740,8.2,Brad R. Wenstrup,100.0,manual,,,Brad R. Wenstrup,Republican,rep,OH,W000815,RepBradWenstrup,Q3,full_house
DelBeneSuzan DelBene (D),$3820057,$310137,8.12%,Raised over $100k,D,Democrat,3820057,310137,8.12,Suzan DelBene,89.7,auto,Suzan,DelBene,Suzan K. DelBene,Democrat,rep,WA,D000617,RepDelBene,Q3,full_house
KeatingBill Keating (D),$678884,$54638,8.05%,Raised over $100k,D,Democrat,678884,54638,8.05,William R. Keating,100.0,manual,,,William R. Keating,Democrat,rep,MA,K000375,USRepKeating,Q3,full_house
ClyburnJames E Clyburn (D),$2219819,$177896,8.01%,Raised over $100k,D,Democrat,2219819,177896,8.01,James E Clyburn,96.8,auto,James,Clyburn,James E. Clyburn,Democrat,rep,SC,C000537,RepJamesClyburn,Q3,full_house
JacobsSara Jacobs (D),$1698496,$133945,7.89%,Raised over $100k,D,Democrat,1698496,133945,7.89,Sara Jacobs,100.0,auto,Sara,Jacobs,Sara Jacobs,Democrat,rep,CA,J000305,RepSaraJacobs,Q3,full_house
CastenSean Casten (D),$3007319,$233392,7.76%,Raised over $100k,D,Democrat,3007319,233392,7.76,Sean Casten,100.0,auto,Sean,Casten,Sean Casten,Democrat,rep,IL,C001117,RepCasten,Q3,full_house
FosterBill Foster (D),$3218842,$246554,7.66%,Raised over $100k,D,Democrat,3218842,246554,7.66,Bill Foster,100.0,auto,Bill,Foster,Bill Foster,Democrat,rep,IL,F000454,RepBillFoster,Q3,full_house
DeanMadeleine Dean (D),$1739285,$131357,7.55%,Raised over $100k,D,Democrat,1739285,131357,7.55,Madeleine Dean,100.0,auto,Madeleine,Dean,Madeleine Dean,Democrat,rep,PA,D000631,RepDean,Q3,full_house
NormanRalph Norman (R),$395128,$29820,7.55%,Raised over $100k,R,Republican,395128,29820,7.55,Ralph Norman,100.0,auto,Ralph,Norman,Ralph Norman,Republican,rep,SC,N000190,RepRalphNorman,Q3,full_house
KrishnamoorthiRaja Krishnamoorthi (D),$10781740,$802847,7.45%,Raised over $100k,D,Democrat,10781740,802847,7.45,Raja Krishnamoorthi,100.0,auto,Raja,Krishnamoorthi,Raja Krishnamoorthi,Democrat,rep,IL,K000391,CongressmanRaja,Q3,full_house
FitzgeraldScott Fitzgerald (R),$1308311,$95942,7.33%,Raised over $100k,R,Republican,1308311,95942,7.33,Scott Fitzgerald,100.0,auto,Scott,Fitzgerald,Scott Fitzgerald,Republican,rep,WI,F000471,RepFitzgerald,Q3,full_house
CiscomaniJuan Ciscomani (R),$6876505,$478641,6.96%,Raised over $100k,R,Republican,6876505,478641,6.96,Juan Ciscomani,100.0,auto,Juan,Ciscomani,Juan Ciscomani,Republican,rep,AZ,C001133,RepCiscomani,Q3,full_house
TitusDina Titus (D),$2427313,$167477,6.90%,Raised over $100k,D,Democrat,2427313,167477,6.9,Dina Titus,100.0,auto,Dina,Titus,Dina Titus,Democrat,rep,NV,T000468,RepDinaTitus,Q3,full_house
CastorKathy Castor (D),$1162514,$80042,6.89%,Raised over $100k,D,Democrat,1162514,80042,6.89,Kathy Castor,100.0,auto,Kathy,Castor,Kathy Castor,Democrat,rep,FL,C001066,USRepKCastor,Q3,full_house
KusterAnn Kuster (D),$1460525,$99210,6.79%,Raised over $100k,D,Democrat,1460525,99210,6.79,Ann M. Kuster,100.0,manual,,,Ann M. Kuster,Democrat,rep,NH,K000382,RepAnnieKuster,Q3,full_house
TokudaJill Tokuda (D),$961307,$65216,6.78%,Raised over $100k,D,Democrat,961307,65216,6.78,Jill Tokuda,88.0,auto,Jill,Tokuda,Jill N. Tokuda,Democrat,rep,HI,T000487,RepJillTokuda,Q3,full_house
CalvertKen Calvert (R),$8016040,$541157,6.75%,Raised over $100k,R,Republican,8016040,541157,6.75,Ken Calvert,100.0,auto,Ken,Calvert,Ken Calvert,Republican,rep,CA,C000059,KenCalvert,Q3,full_house
RuizRaul Ruiz (D),$2469042,$163127,6.61%,Raised over $100k,D,Democrat,2469042,163127,6.61,Raul Ruiz,100.0,auto,Raul,Ruiz,Raul Ruiz,Democrat,rep,CA,R000599,RepRaulRuizMD,Q3,full_house
WalbergTim Walberg (R),$1581866,$104443,6.60%,Raised over $100k,R,Republican,1581866,104443,6.6,Tim Walberg,100.0,auto,Tim,Walberg,Tim Walberg,Republican,rep,MI,W000798,RepWalberg,Q3,full_house
RossDeborah Ross (D),$1916680,$124164,6.48%,Raised over $100k,D,Democrat,1916680,124164,6.48,Deborah Ross,88.9,auto,Deborah,Ross,Deborah K. Ross,Democrat,rep,NC,R000305,RepDeborahRoss,Q3,full_house
BeyerDon Beyer (D),$1924972,$123922,6.44%,Raised over $100k,D,Democrat,1924972,123922,6.44,"Donald S. Beyer, Jr.",100.0,manual,,,"Donald S. Beyer, Jr.",Democrat,rep,VA,B001292,RepDonBeyer,Q3,full_house
WilsonJoe Wilson (R),$875967,$56230,6.42%,Raised over $100k,R,Republican,875967,56230,6.42,Joe Wilson,100.0,auto,Joe,Wilson,Joe Wilson,Republican,rep,SC,W000795,RepJoeWilson,Q3,full_house
LawlerMike Lawler (R),$8244034,$527131,6.39%,Raised over $100k,R,Republican,8244034,527131,6.39,Mike Lawler,80.0,auto,Michael,Lawler,Michael Lawler,Republican,rep,NY,L000599,RepMikeLawler,Q3,full_house
KhannaRo Khanna (D),$10139203,$647965,6.39%,Raised over $100k,D,Democrat,10139203,647965,6.39,Ro Khanna,100.0,auto,Ro,Khanna,Ro Khanna,Democrat,rep,CA,K000389,RepRoKhanna,Q3,full_house
BonamiciSuzanne Bonamici (D),$933463,$59521,6.38%,Raised over $100k,D,Democrat,933463,59521,6.38,Suzanne Bonamici,100.0,auto,Suzanne,Bonamici,Suzanne Bonamici,Democrat,rep,OR,B001278,RepBonamici,Q3,full_house
PappasChris Pappas (D),$4064817,$258983,6.37%,Raised over $100k,D,Democrat,4064817,258983,6.37,Chris Pappas,100.0,auto,Chris,Pappas,Chris Pappas,Democrat,rep,NH,P000614,RepChrisPappas,Q3,full_house
GonzalesTony Gonzales (R),$5901618,$372958,6.32%,Raised over $100k,R,Republican,5901618,372958,6.32,Tony Gonzales,100.0,auto,Ernest,Gonzales,Tony Gonzales,Republican,rep,TX,G000594,RepTonyGonzales,Q3,full_house
BarrAndy Barr (R),$4940959,$311870,6.31%,Raised over $100k,R,Republican,4940959,311870,6.31,Andy Barr,100.0,auto,Garland,Barr,Andy Barr,Republican,rep,KY,B001282,RepAndyBarr,Q3,full_house
HoulahanChrissy Houlahan (D),$2490375,$154029,6.18%,Raised over $100k,D,Democrat,2490375,154029,6.18,Chrissy Houlahan,100.0,auto,Chrissy,Houlahan,Chrissy Houlahan,Democrat,rep,PA,H001085,RepHoulahan,Q3,full_house
HuffmanJared Huffman (D),$997755,$61180,6.13%,Raised over $100k,D,Democrat,997755,61180,6.13,Jared Huffman,100.0,auto,Jared,Huffman,Jared Huffman,Democrat,rep,CA,H001068,RepHuffman,Q3,full_house
EmmerTom Emmer (R),$8166673,$498537,6.10%,Raised over $100k,R,Republican,8166673,498537,6.1,Tom Emmer,100.0,auto,Tom,Emmer,Tom Emmer,Republican,rep,MN,E000294,RepTomEmmer,Q3,full_house
BishopDan Bishop (R),$223950,$13538,6.05%,Raised over $100k,R,Republican,223950,13538,6.05,Dan Bishop,100.0,manual,,,Dan Bishop,Republican,rep,NC,B001311,RepDanBishop,Q3,full_house
NadlerJerrold Nadler (D),$1186827,$71188,6.00%,Raised over $100k,D,Democrat,1186827,71188,6.0,Jerrold Nadler,100.0,auto,Jerrold,Nadler,Jerrold Nadler,Democrat,rep,NY,N000002,RepJerryNadler,Q3,full_house
RuppersbergerDutch Ruppersberger (D),$359813,$2531,0.70%,Raised over $100k,D,Democrat,359813,2531,0.7,C. A. Dutch Ruppersberger,100.0,manual,,,C. A. Dutch Ruppersberger,Democrat,rep,MD,R000576,Call_Me_Dutch,Q1 (lowest),full_house
NorcrossDon Norcross (D),$2187063,$15294,0.70%,Raised over $100k,D,Democrat,2187063,15294,0.7,Don Norcross,88.9,auto,Donald,Norcross,Donald Norcross,Democrat,rep,NJ,N000188,DonaldNorcross,Q1 (lowest),full_house
WilliamsRoger Williams (R),$1858870,$12991,0.70%,Raised over $100k,R,Republican,1858870,12991,0.7,Roger Williams,100.0,auto,Roger,Williams,Roger Williams,Republican,rep,TX,W000816,RepRWilliams,Q1 (lowest),full_house
WilsonFrederica Wilson (D),$485428,$3315,0.68%,Raised over $100k,D,Democrat,485428,3315,0.68,Frederica Wilson,91.4,auto,Frederica,Wilson,Frederica S. Wilson,Democrat,rep,FL,W000808,RepWilson,Q1 (lowest),full_house
SessionsPete Sessions (R),$1239311,$8184,0.66%,Raised over $100k,R,Republican,1239311,8184,0.66,Pete Sessions,100.0,auto,Pete,Sessions,Pete Sessions,Republican,rep,TX,S000250,PeteSessions,Q1 (lowest),full_house
TurnerMichael R Turner (R),$1237218,$8136,0.66%,Raised over $100k,R,Republican,1237218,8136,0.66,Michael R Turner,97.0,auto,Michael,Turner,Michael R. Turner,Republican,rep,OH,T000463,RepMikeTurner,Q1 (lowest),full_house
SimpsonMike Simpson (R),$1543835,$9444,0.61%,Raised over $100k,R,Republican,1543835,9444,0.61,Mike Simpson,73.3,auto,Michael,Simpson,Michael K. Simpson,Republican,rep,ID,S001148,CongMikeSimpson,Q1 (lowest),full_house
MfumeKweisi Mfume (D),$526322,$2859,0.54%,Raised over $100k,D,Democrat,526322,2859,0.54,Kweisi Mfume,100.0,auto,Kweisi,Mfume,Kweisi Mfume,Democrat,rep,MD,M000687,RepKweisiMfume,Q1 (lowest),full_house
BoyleBrendan Boyle (D),$2328291,$12559,0.54%,Raised over $100k,D,Democrat,2328291,12559,0.54,Brendan Boyle,89.7,auto,Brendan,Boyle,Brendan F. Boyle,Democrat,rep,PA,B001296,CongBoyle,Q1 (lowest),full_house
ArmstrongKelly Armstrong (R),$661893,$3519,0.53%,Raised over $100k,R,Republican,661893,3519,0.53,Kelly Armstrong,100.0,manual,,,Kelly Armstrong,Republican,rep,ND,A000377,RepArmstrongND,Q1 (lowest),full_house
MeuserDan Meuser (R),$1749222,$9025,0.52%,Raised over $100k,R,Republican,1749222,9025,0.52,Dan Meuser,87.0,auto,Daniel,Meuser,Daniel Meuser,Republican,rep,PA,M001204,RepMeuser,Q1 (lowest),full_house
ArringtonJodey Arrington (R),$3247143,$16135,0.50%,Raised over $100k,R,Republican,3247143,16135,0.5,Jodey Arrington,90.9,auto,Jodey,Arrington,Jodey C. Arrington,Republican,rep,TX,A000375,RepArrington,Q1 (lowest),full_house
ThanedarShri Thanedar (D),$9477463,$44352,0.47%,Raised over $100k,D,Democrat,9477463,44352,0.47,Shri Thanedar,100.0,auto,Shri,Thanedar,Shri Thanedar,Democrat,rep,MI,T000488,RepShriThanedar,Q1 (lowest),full_house
ObernolteJay Obernolte (R),$1365378,$6374,0.47%,Raised over $100k,R,Republican,1365378,6374,0.47,Jay Obernolte,100.0,auto,Jay,Obernolte,Jay Obernolte,Republican,rep,CA,O000019,JayObernolte,Q1 (lowest),full_house
BeanAaron Bean (R),$1729436,$7757,0.45%,Raised over $100k,R,Republican,1729436,7757,0.45,Aaron Bean,100.0,auto,Aaron,Bean,Aaron Bean,Republican,rep,FL,B001314,RepAaronBean,Q1 (lowest),full_house
CohenSteve Cohen (D),$657841,$2949,0.45%,Raised over $100k,D,Democrat,657841,2949,0.45,Steve Cohen,100.0,auto,Steve,Cohen,Steve Cohen,Democrat,rep,TN,C001068,RepCohen,Q1 (lowest),full_house
KustoffDavid Kustoff (R),$2410700,$10759,0.45%,Raised over $100k,R,Republican,2410700,10759,0.45,David Kustoff,100.0,auto,David,Kustoff,David Kustoff,Republican,rep,TN,K000392,RepDavidKustoff,Q1 (lowest),full_house
MillerCarol Miller (R),$1708912,$7411,0.43%,Raised over $100k,R,Republican,1708912,7411,0.43,Carol Miller,88.9,auto,Carol,Miller,Carol D. Miller,Republican,rep,WV,M001205,RepCarolMiller,Q1 (lowest),full_house
GravesGarret Graves (R),$2444756,$9788,0.40%,Raised over $100k,R,Republican,2444756,9788,0.4,Garret Graves,100.0,manual,,,Garret Graves,Republican,rep,LA,G000577,RepGarretGraves,Q1 (lowest),full_house
CorreaLou Correa (D),$1374209,$5236,0.38%,Raised over $100k,D,Democrat,1374209,5236,0.38,Lou Correa,75.0,auto,J.,Correa,J. Luis Correa,Democrat,rep,CA,C001110,RepLouCorrea,Q1 (lowest),full_house
SmithAdrian Smith (R),$1995681,$7209,0.36%,Raised over $100k,R,Republican,1995681,7209,0.36,Adrian Smith,100.0,auto,Adrian,Smith,Adrian Smith,Republican,rep,NE,S001172,RepAdrianSmith,Q1 (lowest),full_house
RutherfordJohn Rutherford (R),$892110,$3058,0.34%,Raised over $100k,R,Republican,892110,3058,0.34,John Rutherford,90.9,auto,John,Rutherford,John H. Rutherford,Republican,rep,FL,R000609,RepRutherfordFL,Q1 (lowest),full_house
FergusonDrew Ferguson (R),$818067,$2593,0.32%,Raised over $100k,R,Republican,818067,2593,0.32,A. Drew Ferguson IV,100.0,manual,,,A. Drew Ferguson IV,Republican,rep,GA,F000465,RepDrewFerguson,Q1 (lowest),full_house
TorresNorma Torres (D),$932869,$2897,0.31%,Raised over $100k,D,Democrat,932869,2897,0.31,Norma Torres,88.9,auto,Norma,Torres,Norma J. Torres,Democrat,rep,CA,T000474,NormaJTorres,Q1 (lowest),full_house
CostaJim Costa (D),$1680778,$4980,0.30%,Raised over $100k,D,Democrat,1680778,4980,0.3,Jim Costa,100.0,auto,Jim,Costa,Jim Costa,Democrat,rep,CA,C001059,RepJimCosta,Q1 (lowest),full_house
CardenasTony Cardenas (D),$591968,$1680,0.28%,Raised over $100k,D,Democrat,591968,1680,0.28,Tony Cárdenas,100.0,manual,,,Tony Cárdenas,Democrat,rep,CA,C001097,RepCardenas,Q1 (lowest),full_house
JoyceJohn Joyce (R),$1630617,$4164,0.26%,Raised over $100k,R,Republican,1630617,4164,0.26,John Joyce,100.0,auto,John,Joyce,John Joyce,Republican,rep,PA,J000302,RepJohnJoyce,Q1 (lowest),full_house
FleischmannChuck Fleischmann (R),$1889740,$4653,0.25%,Raised over $100k,R,Republican,1889740,4653,0.25,Chuck Fleischmann,72.3,auto,Charles,Fleischmann,"Charles J. ""Chuck"" Fleischmann",Republican,rep,TN,F000459,RepChuck,Q1 (lowest),full_house
TroneDavid Trone (D),$63589345,$153586,0.24%,Raised over $100k,D,Democrat,63589345,153586,0.24,Dina Titus,100.0,manual,,,Dina Titus,Democrat,rep,NV,T000468,RepDinaTitus,Q1 (lowest),full_house
PalmerGary Palmer (R),$1714523,$4120,0.24%,Raised over $100k,R,Republican,1714523,4120,0.24,Gary Palmer,88.0,auto,Gary,Palmer,Gary J. Palmer,Republican,rep,AL,P000609,USRepGaryPalmer,Q1 (lowest),full_house
VargasJuan Vargas (D),$790625,$1857,0.23%,Raised over $100k,D,Democrat,790625,1857,0.23,Juan Vargas,100.0,auto,Juan,Vargas,Juan Vargas,Democrat,rep,CA,V000130,RepJuanVargas,Q1 (lowest),full_house
GrangerKay Granger (R),$975070,$2160,0.22%,Raised over $100k,R,Republican,975070,2160,0.22,Kay Granger,100.0,manual,,,Kay Granger,Republican,rep,TX,G000377,RepKayGranger,Q1 (lowest),full_house
MeeksGregory Meeks (D),$3025012,$6535,0.22%,Raised over $100k,D,Democrat,3025012,6535,0.22,Gregory Meeks,89.7,auto,Gregory,Meeks,Gregory W. Meeks,Democrat,rep,NY,M001137,RepGregoryMeeks,Q1 (lowest),full_house
Diaz-BalartMario Diaz-Balart (R),$2358126,$4745,0.20%,Raised over $100k,R,Republican,2358126,4745,0.2,Mario Diaz-Balart,100.0,auto,Mario,Diaz-Balart,Mario Diaz-Balart,Republican,rep,FL,D000600,MarioDB,Q1 (lowest),full_house
MooreBlake Moore (R),$2464666,$4478,0.18%,Raised over $100k,R,Republican,2464666,4478,0.18,Blake Moore,88.0,auto,Blake,Moore,Blake D. Moore,Republican,rep,UT,M001213,RepBlakeMoore,Q1 (lowest),full_house
ScottDavid Scott (D),$1203985,$2158,0.18%,Raised over $100k,D,Democrat,1203985,2158,0.18,David Scott,100.0,auto,David,Scott,David Scott,Democrat,rep,GA,S001157,RepDavidScott,Q1 (lowest),full_house
MillerMax Miller (R),$1907382,$2610,0.14%,Raised over $100k,R,Republican,1907382,2610,0.14,Max Miller,87.0,auto,Max,Miller,Max L. Miller,Republican,rep,OH,M001222,repmaxmiller,Q1 (lowest),full_house
BucshonLarry Bucshon (R),$675577,$727,0.11%,Raised over $100k,R,Republican,675577,727,0.11,Larry Bucshon,100.0,manual,,,Larry Bucshon,Republican,rep,IN,B001275,RepLarryBucshon,Q1 (lowest),full_house
PenceGreg Pence (R),$469760,$485,0.10%,Raised over $100k,R,Republican,469760,485,0.1,Greg Pence,100.0,manual,,,Greg Pence,Republican,rep,IN,P000615,RepGregPence,Q1 (lowest),full_house
TrahanLori Trahan (D),$1717667,$0,0.00%,Raised over $100k,D,Democrat,1717667,0,0.0,Lori Trahan,100.0,auto,Lori,Trahan,Lori Trahan,Democrat,rep,MA,T000482,RepLoriTrahan,Q1 (lowest),full_house
