Name,clean_name,official_full,bioguide,twitter,chamber,state,party,party_code,match_score,match_method,Total Raised,Total Raised_num,Total from Small Donors,Total from Small Donors_num,Percent from Small Donors*,pct_small_donors,total money raised
TaylorMarjorie Taylor Greene (R),Marjorie Taylor Greene,Marjorie Taylor Greene,G000596,,rep,GA,Republican,R,100.0,manual,$7932166,7932166,$5763400,5763400,72.66%,72.66,Raised over $100k
Ocasio-CortezAlexandria Ocasio-Cortez (D),Alexandria Ocasio-Cortez,Alexandria Ocasio-Cortez,O000172,,rep,NY,Democrat,D,100.0,auto,$15160101,15160101,$10602414,10602414,69.94%,69.94,Raised over $100k
SandersBernie Sanders (I),Bernie Sanders,Bernard Sanders,S000033,,sen,VT,Independent,I,82.8,auto,$35728405,35728405,$22732498,22732498,63.63%,63.63,Raised over $100k
JordanJim Jordan (R),Jim Jordan,Jim Jordan,J000289,,rep,OH,Republican,R,100.0,auto,$13313614,13313614,$7423207,7423207,55.76%,55.76,Raised over $100k
CraneEli Crane (R),Eli Crane,Elijah Crane,C001132,,rep,AZ,Republican,R,85.7,auto,$8437397,8437397,$4638205,4638205,54.97%,54.97,Raised over $100k
WarrenElizabeth Warren (D),Elizabeth Warren,Elizabeth Warren,W000817,,sen,MA,Democrat,D,100.0,auto,$20636522,20636522,$11272309,11272309,54.62%,54.62,Raised over $100k
PelosiNancy Pelosi (D),Nancy Pelosi,Nancy Pelosi,P000197,,rep,CA,Democrat,D,100.0,auto,$10003159,10003159,$5340919,5340919,53.39%,53.39,Raised over $100k
PaulRand Paul (R),Rand Paul,Rand Paul,P000603,,sen,KY,Republican,R,100.0,auto,$35527402,35527402,$18466244,18466244,51.98%,51.98,Raised over $100k
SpartzVictoria Spartz (R),Victoria Spartz,Victoria Spartz,S000929,,rep,IN,Republican,R,100.0,auto,$811493,811493,$408852,408852,50.38%,50.38,Raised over $100k
BurgessMichael Burgess (R),Michael C. Burgess,Michael C. Burgess,B001248,,rep,TX,Republican,R,100.0,manual,$1200022,1200022,$604170,604170,50.35%,50.35,Raised over $100k
FettermanJohn Fetterman (D),John Fetterman,John Fetterman,F000479,,sen,PA,Democrat,D,100.0,auto,$82199022,82199022,$41257356,41257356,50.19%,50.19,Raised over $100k
MillerMary Miller (R),Mary Miller,Mary E. Miller,M001211,,rep,IL,Republican,R,88.0,auto,$1560026,1560026,$769100,769100,49.30%,49.3,Raised over $100k
JacksonRonny Jackson (R),Ronny Jackson,Ronny Jackson,J000304,,rep,TX,Republican,R,100.0,auto,$6312579,6312579,$3107198,3107198,49.22%,49.22,Raised over $100k
FrostMaxwell Frost (D),Maxwell Frost,Maxwell Frost,F000476,,rep,FL,Democrat,D,100.0,auto,$3930459,3930459,$1924972,1924972,48.98%,48.98,Raised over $100k
GrahamLindsey Graham (R),Lindsey Graham,Lindsey Graham,G000359,,sen,SC,Republican,R,100.0,auto,$117401780,117401780,$57222742,57222742,48.74%,48.74,Raised over $100k
OmarIlhan Omar (D),Ilhan Omar,Ilhan Omar,O000173,,rep,MN,Democrat,D,100.0,auto,$8202075,8202075,$3910173,3910173,47.67%,47.67,Raised over $100k
ComerJames Comer (R),James Comer,James Comer,C001108,,rep,KY,Republican,R,100.0,auto,$7596325,7596325,$3611561,3611561,47.54%,47.54,Raised over $100k
OssoffJon Ossoff (D),Jon Ossoff,Jon Ossoff,O000174,,sen,GA,Democrat,D,100.0,auto,$171895162,171895162,$81165841,81165841,47.22%,47.22,Raised over $100k
KennedyJohn Kennedy (R),John Kennedy,John Kennedy,K000393,,sen,LA,Republican,R,100.0,auto,$51628839,51628839,$24303561,24303561,47.07%,47.07,Raised over $100k
BoebertLauren Boebert (R),Lauren Boebert,Lauren Boebert,B000825,,rep,CO,Republican,R,100.0,auto,$4730531,4730531,$2178726,2178726,46.06%,46.06,Raised over $100k
CrockettJasmine Crockett (D),Jasmine Crockett,Jasmine Crockett,C001130,,rep,TX,Democrat,D,100.0,auto,$3036171,3036171,$1369700,1369700,45.11%,45.11,Raised over $100k
KellyMark Kelly (D),Mark Kelly,Mark Kelly,K000377,,sen,AZ,Democrat,D,100.0,auto,$99670347,99670347,$44905855,44905855,45.05%,45.05,Raised over $100k
WarnockRaphael Warnock (D),Raphael Warnock,Raphael G. Warnock,W000790,,sen,GA,Democrat,D,90.9,auto,$184266768,184266768,$82704461,82704461,44.88%,44.88,Raised over $100k
CruzTed Cruz (R),Ted Cruz,Ted Cruz,C001098,,sen,TX,Republican,R,100.0,auto,$105557321,105557321,$47077922,47077922,44.60%,44.6,Raised over $100k
AllredColin Allred (D),Cynthia Axne,Cynthia Axne,A000378,,rep,IA,Democrat,D,100.0,manual,$92580217,92580217,$41272085,41272085,44.58%,44.58,Raised over $100k
HagemanHarriet Hageman (R),Harriet Hageman,Harriet M. Hageman,H001096,,rep,WY,Republican,R,90.9,auto,$3000255,3000255,$1332164,1332164,44.40%,44.4,Raised over $100k
BiggsAndy Biggs (R),Andy Biggs,Andy Biggs,B001302,,rep,AZ,Republican,R,100.0,auto,$1354408,1354408,$585838,585838,43.25%,43.25,Raised over $100k
DuckworthTammy Duckworth (D),Tammy Duckworth,Tammy Duckworth,D000622,,sen,IL,Democrat,D,100.0,auto,$23296673,23296673,$9921754,9921754,42.59%,42.59,Raised over $100k
GallegoRuben Gallego (D),Ruben Gallego,Ruben Gallego,G000574,,sen,AZ,Democrat,D,100.0,auto,$63777612,63777612,$26980378,26980378,42.30%,42.3,Raised over $100k
PaulinaAnna Paulina Luna (R),Morgan Luttrell,Morgan Luttrell,L000603,,rep,TX,Republican,R,100.0,manual,$3662980,3662980,$1521833,1521833,41.55%,41.55,Raised over $100k
CortezCatherine Cortez Masto (D),Catherine Cortez Masto,Catherine Cortez Masto,C001113,,sen,NV,Democrat,D,100.0,manual,$65688546,65688546,$26913897,26913897,40.97%,40.97,Raised over $100k
ScottTim Scott (R),Tim Scott,Tim Scott,S001184,,sen,SC,Republican,R,100.0,auto,$67301932,67301932,$27532241,27532241,40.91%,40.91,Raised over $100k
CollinsMike Collins (R),Mike Collins,Mike Collins,C001129,,rep,GA,Republican,R,100.0,auto,$1704745,1704745,$696305,696305,40.85%,40.85,Raised over $100k
McConnellMitch McConnell (R),Mitch McConnell,Mitch McConnell,M000355,,sen,KY,Republican,R,100.0,auto,$72967093,72967093,$29237362,29237362,40.07%,40.07,Raised over $100k
DonaldsByron Donalds (R),Byron Donalds,Byron Donalds,D000032,,rep,FL,Republican,R,100.0,auto,$6563388,6563388,$2616547,2616547,39.87%,39.87,Raised over $100k
SchiffAdam Schiff (D),Adam Schiff,Adam B. Schiff,S001150,,sen,CA,Democrat,D,88.0,auto,$47309769,47309769,$18836012,18836012,39.81%,39.81,Raised over $100k
JeffriesHakeem Jeffries (D),Hakeem Jeffries,Hakeem S. Jeffries,J000294,,rep,NY,Democrat,D,90.9,auto,$22820569,22820569,$8694626,8694626,38.10%,38.1,Raised over $100k
ZinkeRyan Zinke (R),Ryan Zinke,Ryan K. Zinke,Z000018,,rep,MT,Republican,R,87.0,auto,$9990150,9990150,$3732209,3732209,37.36%,37.36,Raised over $100k
LeeMike Lee (R),Mike Lee,Mike Lee,L000577,,sen,UT,Republican,R,100.0,auto,$16528336,16528336,$6030396,6030396,36.49%,36.49,Raised over $100k
HawleyJosh Hawley (R),Josh Hawley,Josh Hawley,H001089,,sen,MO,Republican,R,100.0,auto,$27210242,27210242,$9900237,9900237,36.38%,36.38,Raised over $100k
RubioMarco Rubio (R),Marco Rubio,Marco Rubio,R000595,,sen,FL,Republican,R,100.0,manual,$50277155,50277155,$18251673,18251673,36.30%,36.3,Raised over $100k
RaskinJamie Raskin (D),Jamie Raskin,Jamie Raskin,R000606,,rep,MD,Democrat,D,100.0,auto,$4783442,4783442,$1733201,1733201,36.23%,36.23,Raised over $100k
MerkleyJeff Merkley (D),Jeff Merkley,Jeff Merkley,M001176,,sen,OR,Democrat,D,100.0,auto,$9661683,9661683,$3499410,3499410,36.22%,36.22,Raised over $100k
DainesSteven Daines (R),Steven Daines,Steve Daines,D000618,,sen,MT,Republican,R,96.0,auto,$34306895,34306895,$12265663,12265663,35.75%,35.75,Raised over $100k
PetersGary Peters (D),Gary Peters,Gary C. Peters,P000595,,sen,MI,Democrat,D,88.0,auto,$56643389,56643389,$20199053,20199053,35.66%,35.66,Raised over $100k
YakymRudy Yakym (R),Rudy Yakym,Rudy Yakym III,Y000067,,rep,IN,Republican,R,83.3,auto,$3578624,3578624,$1264452,1264452,35.33%,35.33,Raised over $100k
DeMonica De La Cruz (R),Thelma Drake,Thelma Drake,D000605,,rep,VA,Republican,R,100.0,manual,$7884300,7884300,$2781246,2781246,35.28%,35.28,Raised over $100k
CottonTom Cotton (R),Tom Cotton,Tom Cotton,C001095,,sen,AR,Republican,R,100.0,auto,$16312092,16312092,$5717628,5717628,35.05%,35.05,Raised over $100k
EllzeyJake Ellzey (R),Jake Ellzey,Jake Ellzey,E000071,,rep,TX,Republican,R,100.0,auto,$6480006,6480006,$2262349,2262349,34.91%,34.91,Raised over $100k
StabenowDebbie Stabenow (D),Debbie Stabenow,Debbie Stabenow,S000770,,sen,MI,Democrat,D,100.0,manual,$4879808,4879808,$1691385,1691385,34.66%,34.66,Raised over $100k
MillsCory Mills (R),Cory Mills,Cory Mills,M001216,,rep,FL,Republican,R,100.0,auto,$1609397,1609397,$556808,556808,34.60%,34.6,Raised over $100k
MastBrian Mast (R),Brian Mast,Brian J. Mast,M001199,,rep,FL,Republican,R,87.0,auto,$3974043,3974043,$1366501,1366501,34.39%,34.39,Raised over $100k
HickenlooperJohn Hickenlooper (D),John Hickenlooper,John W. Hickenlooper,H000273,,sen,CO,Democrat,D,91.9,auto,$45083518,45083518,$15427930,15427930,34.22%,34.22,Raised over $100k
PorterKatie Porter (D),Katie Porter,Katie Porter,P000618,,rep,CA,Democrat,D,100.0,manual,$32119165,32119165,$10902528,10902528,33.94%,33.94,Raised over $100k
PeltolaMary Peltola (D),Mary Sattler Peltola,Mary Sattler Peltola,P000619,,rep,AK,Democrat,D,100.0,manual,$13210877,13210877,$4395102,4395102,33.27%,33.27,Raised over $100k
SlotkinElissa Slotkin (D),Elissa Slotkin,Elissa Slotkin,S001208,,sen,MI,Democrat,D,100.0,auto,$51168064,51168064,$16845959,16845959,32.92%,32.92,Raised over $100k
SmithTina Smith (D),Tina Smith,Tina Smith,S001203,,sen,MN,Democrat,D,100.0,auto,$19239090,19239090,$6330821,6330821,32.91%,32.91,Raised over $100k
BushCori Bush (D),Wesley Bell,Wesley Bell,B001324,,rep,MO,Democrat,D,100.0,manual,$3931525,3931525,$1288772,1288772,32.78%,32.78,Raised over $100k
JohnsonRon Johnson (R),Ron Johnson,Ron Johnson,J000293,,sen,WI,Republican,R,100.0,auto,$40097440,40097440,$13016509,13016509,32.46%,32.46,Raised over $100k
JacksonJeff Jackson (D),Jeff Jackson,Jeff Jackson,J000308,,rep,NC,Democrat,D,100.0,manual,$768284,768284,$249285,249285,32.45%,32.45,Raised over $100k
ReschenthalerGuy Reschenthaler (R),Guy Reschenthaler,Guy Reschenthaler,R000610,,rep,PA,Republican,R,100.0,auto,$4327277,4327277,$1380397,1380397,31.90%,31.9,Raised over $100k
TlaibRashida Tlaib (D),Rashida Tlaib,Rashida Tlaib,T000481,,rep,MI,Democrat,D,100.0,auto,$8361649,8361649,$2660970,2660970,31.82%,31.82,Raised over $100k
BaldwinTammy Baldwin (D),Tammy Baldwin,Tammy Baldwin,B001230,,sen,WI,Democrat,D,100.0,auto,$58515037,58515037,$18576727,18576727,31.75%,31.75,Raised over $100k
TesterJon Tester (D),Jon Tester,Jon Tester,T000464,,sen,MT,Democrat,D,100.0,manual,$96070839,96070839,$30441610,30441610,31.69%,31.69,Raised over $100k
ErnstJoni Ernst (R),Joni Ernst,Joni Ernst,E000295,,sen,IA,Republican,R,100.0,auto,$32364554,32364554,$10214624,10214624,31.56%,31.56,Raised over $100k
BookerCory Booker (D),Cory Booker,Cory A. Booker,B001288,,sen,NJ,Democrat,D,88.0,auto,$21523391,21523391,$6786966,6786966,31.53%,31.53,Raised over $100k
MurphyChristopher S Murphy (D),Christopher S Murphy,Christopher Murphy,M001169,,sen,CT,Democrat,D,94.7,auto,$15089795,15089795,$4756253,4756253,31.52%,31.52,Raised over $100k
BrownSherrod Brown (D),Sherrod Brown,Sherrod Brown,B000944,,sen,OH,Democrat,D,100.0,manual,$100378888,100378888,$31507010,31507010,31.39%,31.39,Raised over $100k
RosenJacky Rosen (D),Jacky Rosen,Jacky Rosen,R000608,,sen,NV,Democrat,D,100.0,auto,$50872605,50872605,$15915856,15915856,31.29%,31.29,Raised over $100k
KlobucharAmy Klobuchar (D),Amy Klobuchar,Amy Klobuchar,K000367,,sen,MN,Democrat,D,100.0,auto,$21485514,21485514,$6582687,6582687,30.64%,30.64,Raised over $100k
GrijalvaRaul M Grijalva (D),Raúl M. Grijalva,Raúl M. Grijalva,G000551,,rep,AZ,Democrat,D,100.0,manual,$637820,637820,$191331,191331,30.00%,30.0,Raised over $100k
CrenshawDan Crenshaw (R),Dan Crenshaw,Dan Crenshaw,C001120,,rep,TX,Republican,R,100.0,auto,$4056322,4056322,$1209494,1209494,29.82%,29.82,Raised over $100k
HassanMaggie Hassan (D),Margaret Wood Hassan,Margaret Wood Hassan,H001076,,sen,NH,Democrat,D,100.0,manual,$43065876,43065876,$12823476,12823476,29.78%,29.78,Raised over $100k
VanDerrick Van Orden (R),Derrick Van Orden,Derrick Van Orden,V000135,,rep,WI,Republican,R,100.0,manual,$7458951,7458951,$2210768,2210768,29.64%,29.64,Raised over $100k
VanJeff Van Drew (R),Jefferson Van Drew,Jefferson Van Drew,V000133,,rep,NJ,Republican,R,100.0,manual,$3197984,3197984,$935417,935417,29.25%,29.25,Raised over $100k
RoyChip Roy (R),Chip Roy,Chip Roy,R000614,,rep,TX,Republican,R,100.0,auto,$2884881,2884881,$842825,842825,29.22%,29.22,Raised over $100k
BowmanJamaal Bowman (D),Jamaal Bowman,Jamaal Bowman,B001223,,rep,NY,Democrat,D,100.0,manual,$5626499,5626499,$1632542,1632542,29.02%,29.02,Raised over $100k
CaseyBob Casey (D),"Robert P. Casey, Jr.","Robert P. Casey, Jr.",C001070,,sen,PA,Democrat,D,100.0,manual,$63676634,63676634,$18276575,18276575,28.70%,28.7,Raised over $100k
VanceJ D Vance (R),J.D. Vance,J.D. Vance,V000137,,sen,OH,Republican,R,100.0,manual,$17237583,17237583,$4872613,4872613,28.27%,28.27,Raised over $100k
CrowJason Crow (D),Jason Crow,Jason Crow,C001121,,rep,CO,Democrat,D,100.0,auto,$2182039,2182039,$614488,614488,28.16%,28.16,Raised over $100k
PressleyAyanna Pressley (D),Ayanna Pressley,Ayanna Pressley,P000617,,rep,MA,Democrat,D,100.0,auto,$1411509,1411509,$394610,394610,27.96%,27.96,Raised over $100k
JohnsonMike Johnson (R),Mike Johnson,Mike Johnson,J000299,,rep,LA,Republican,R,100.0,auto,$19065042,19065042,$5236369,5236369,27.47%,27.47,Raised over $100k
RayBen Ray Lujan (D),Ben Ray Luján,Ben Ray Luján,L000570,,sen,NM,Democrat,D,100.0,manual,$11637120,11637120,$3163925,3163925,27.19%,27.19,Raised over $100k
PerryScott Perry (R),Scott Perry,Scott Perry,P000605,,rep,PA,Republican,R,100.0,auto,$4471323,4471323,$1202185,1202185,26.89%,26.89,Raised over $100k
ShaheenJeanne Shaheen (D),Jeanne Shaheen,Jeanne Shaheen,S001181,,sen,NH,Democrat,D,100.0,auto,$20017666,20017666,$5344343,5344343,26.70%,26.7,Raised over $100k
JayapalPramila Jayapal (D),Pramila Jayapal,Pramila Jayapal,J000298,,rep,WA,Democrat,D,100.0,auto,$2793025,2793025,$738280,738280,26.43%,26.43,Raised over $100k
LuttrellMorgan Luttrell (R),Morgan Luttrell,Morgan Luttrell,L000603,,rep,TX,Republican,R,100.0,auto,$1861800,1861800,$491411,491411,26.39%,26.39,Raised over $100k
HuntWesley Hunt (R),Wesley Hunt,Wesley Hunt,H001095,,rep,TX,Republican,R,100.0,auto,$2760120,2760120,$719422,719422,26.06%,26.06,Raised over $100k
JamesJohn James (R),John James,John James,J000307,,rep,MI,Republican,R,100.0,auto,$9477442,9477442,$2441780,2441780,25.76%,25.76,Raised over $100k
MurrayPatty Murray (D),Patty Murray,Patty Murray,M001111,,sen,WA,Democrat,D,100.0,auto,$20331360,20331360,$5206827,5206827,25.61%,25.61,Raised over $100k
KimYoung Kim (R),Young Kim,Young Kim,K000397,,rep,CA,Republican,R,100.0,auto,$9067799,9067799,$2273294,2273294,25.07%,25.07,Raised over $100k
BennetMichael Bennet (D),Michael Bennet,Michael F. Bennet,B001267,,sen,CO,Democrat,D,90.3,auto,$22125113,22125113,$5501310,5501310,24.86%,24.86,Raised over $100k
MarkeyEd Markey (D),Ed Markey,Edward J. Markey,M000133,,sen,MA,Democrat,D,72.0,auto,$14024552,14024552,$3468332,3468332,24.73%,24.73,Raised over $100k
BuddTed Budd (R),Ted Budd,Ted Budd,B001305,,sen,NC,Republican,R,100.0,auto,$16254047,16254047,$3890366,3890366,23.93%,23.93,Raised over $100k
WaltzMichael Waltz (R),Michael Waltz,Michael Waltz,W000823,,rep,FL,Republican,R,100.0,manual,$2791083,2791083,$661047,661047,23.68%,23.68,Raised over $100k
KaineTim Kaine (D),Tim Kaine,Tim Kaine,K000384,,sen,VA,Democrat,D,100.0,auto,$21401882,21401882,$5065478,5065478,23.67%,23.67,Raised over $100k
GrassleyChuck Grassley (R),Chuck Grassley,Chuck Grassley,G000386,,sen,IA,Republican,R,100.0,auto,$10945190,10945190,$2587304,2587304,23.64%,23.64,Raised over $100k
BurchettTim Burchett (R),Tim Burchett,Tim Burchett,B001309,,rep,TN,Republican,R,100.0,auto,$1229828,1229828,$287186,287186,23.35%,23.35,Raised over $100k
KimAndy Kim (D),Andy Kim,Andy Kim,K000394,,sen,NJ,Democrat,D,100.0,auto,$12170781,12170781,$2839921,2839921,23.33%,23.33,Raised over $100k
McClellanJennifer McClellan (D),Jennifer McClellan,Jennifer L. McClellan,M001227,,rep,VA,Democrat,D,92.3,auto,$2694818,2694818,$628053,628053,23.31%,23.31,Raised over $100k
LeeBarbara Lee (D),Barbara Lee,Barbara Lee,L000551,,rep,CA,Democrat,D,100.0,manual,$5473994,5473994,$1272567,1272567,23.25%,23.25,Raised over $100k
GarciaRobert Garcia (D),Robert Garcia,Robert Garcia,G000598,,rep,CA,Democrat,D,100.0,auto,$1326793,1326793,$292761,292761,22.07%,22.07,Raised over $100k
TillisThom Tillis (R),Thom Tillis,Thom Tillis,T000476,,sen,NC,Republican,R,100.0,auto,$25523707,25523707,$5578136,5578136,21.85%,21.85,Raised over $100k
BluntLisa Blunt Rochester (D),Lisa Blunt Rochester,Lisa Blunt Rochester,B001303,,sen,DE,Democrat,D,100.0,manual,$9889594,9889594,$2160238,2160238,21.84%,21.84,Raised over $100k
TubervilleTommy Tuberville (R),Tommy Tuberville,Tommy Tuberville,T000278,,sen,AL,Republican,R,100.0,auto,$11684053,11684053,$2464217,2464217,21.09%,21.09,Raised over $100k
McClainLisa McClain (R),Lisa McClain,Lisa C. McClain,M001136,,rep,MI,Republican,R,88.9,auto,$1029112,1029112,$215130,215130,20.90%,20.9,Raised over $100k
SpanbergerAbigail Spanberger (D),Abigail Davis Spanberger,Abigail Davis Spanberger,S001209,,rep,VA,Democrat,D,100.0,manual,$1723491,1723491,$359003,359003,20.83%,20.83,Raised over $100k
CornynJohn Cornyn (R),John Cornyn,John Cornyn,C001056,,sen,TX,Republican,R,100.0,auto,$34095780,34095780,$6935021,6935021,20.34%,20.34,Raised over $100k
LeeSummer Lee (D),Summer Lee,Summer L. Lee,L000602,,rep,PA,Democrat,D,87.0,auto,$2923335,2923335,$587574,587574,20.10%,20.1,Raised over $100k
SantosGeorge Santos (R),Greg Stanton,Greg Stanton,S001211,,rep,AZ,Democrat,R,100.0,manual,$48129,48129,$9531,9531,19.80%,19.8,Raised less than $100k
GoodBob Good (R),Bob Good,Bob Good,G000595,,rep,VA,Republican,R,100.0,manual,$1328803,1328803,$262684,262684,19.77%,19.77,Raised over $100k
TenneyClaudia Tenney (R),Claudia Tenney,Claudia Tenney,T000478,,rep,NY,Republican,R,100.0,auto,$2993079,2993079,$589942,589942,19.71%,19.71,Raised over $100k
OwensBurgess Owens (R),Burgess Owens,Burgess Owens,O000086,,rep,UT,Republican,R,100.0,auto,$1449406,1449406,$285518,285518,19.70%,19.7,Raised over $100k
WextonJennifer Wexton (D),Jennifer Wexton,Jennifer Wexton,W000825,,rep,VA,Democrat,D,100.0,manual,$480029,480029,$94333,94333,19.65%,19.65,Raised over $100k
HironoMazie K Hirono (D),Mazie K Hirono,Mazie K. Hirono,H001042,,sen,HI,Democrat,D,96.6,auto,$4838111,4838111,$943649,943649,19.50%,19.5,Raised over $100k
MassieThomas Massie (R),Thomas Massie,Thomas Massie,M001184,,rep,KY,Republican,R,100.0,auto,$1323139,1323139,$257098,257098,19.43%,19.43,Raised over $100k
DuncanJeff Duncan (R),Jeff Duncan,Jeff Duncan,D000615,,rep,SC,Republican,R,100.0,manual,$784969,784969,$146993,146993,18.73%,18.73,Raised over $100k
WagnerAnn Wagner (R),Ann Wagner,Ann Wagner,W000812,,rep,MO,Republican,R,100.0,auto,$4213631,4213631,$770676,770676,18.29%,18.29,Raised over $100k
BanksJim Banks (R),Jim Banks,Jim Banks,B001299,,sen,IN,Republican,R,100.0,auto,$7151159,7151159,$1305346,1305346,18.25%,18.25,Raised over $100k
Hyde-SmithCindy Hyde-Smith (R),Cindy Hyde-Smith,Cindy Hyde-Smith,H001079,,sen,MS,Republican,R,100.0,auto,$4995726,4995726,$908448,908448,18.18%,18.18,Raised over $100k
RoseJohn Rose (R),John Rose,John W. Rose,R000612,,rep,TN,Republican,R,85.7,auto,$1106670,1106670,$197747,197747,17.87%,17.87,Raised over $100k
PocanMark Pocan (D),Mark Pocan,Mark Pocan,P000607,,rep,WI,Democrat,D,100.0,auto,$1064083,1064083,$189287,189287,17.79%,17.79,Raised over $100k
CollinsSusan Collins (R),Susan Collins,Susan M. Collins,C001035,,sen,ME,Republican,R,89.7,auto,$29778726,29778726,$5276897,5276897,17.72%,17.72,Raised over $100k
KiggansJen Kiggans (R),Jen Kiggans,Jennifer A. Kiggans,K000399,,rep,VA,Republican,R,73.3,auto,$6434811,6434811,$1134837,1134837,17.64%,17.64,Raised over $100k
KileyKevin Kiley (R),Kevin Kiley,Kevin Kiley,K000401,,rep,CA,Republican,R,100.0,auto,$4187895,4187895,$736088,736088,17.58%,17.58,Raised over $100k
MooneyAlex Mooney (R),Alexander X. Mooney,Alexander X. Mooney,M001195,,rep,WV,Republican,R,100.0,manual,$1952747,1952747,$342324,342324,17.53%,17.53,Raised over $100k
SteelMichelle Steel (R),Michelle Steel,Michelle Steel,S001135,,rep,CA,Republican,R,100.0,manual,$10449923,10449923,$1816823,1816823,17.39%,17.39,Raised over $100k
HarshbargerDiana Harshbarger (R),Diana Harshbarger,Diana Harshbarger,H001086,,rep,TN,Republican,R,100.0,auto,$1872094,1872094,$324407,324407,17.33%,17.33,Raised over $100k
StefanikElise Stefanik (R),Elise Stefanik,Elise M. Stefanik,S001196,,rep,NY,Republican,R,90.3,auto,$15444946,15444946,$2636569,2636569,17.07%,17.07,Raised over $100k
CarlJerry Carl (R),John R. Curtis,John R. Curtis,C001114,,sen,UT,Republican,R,100.0,manual,$1791145,1791145,$305387,305387,17.05%,17.05,Raised over $100k
DavidsSharice Davids (D),Sharice Davids,Sharice Davids,D000629,,rep,KS,Democrat,D,100.0,auto,$5915701,5915701,$979875,979875,16.56%,16.56,Raised over $100k
GosarPaul Gosar (R),Paul Gosar,Paul A. Gosar,G000565,,rep,AZ,Republican,R,87.0,auto,$459220,459220,$75643,75643,16.47%,16.47,Raised over $100k
CammackKat Cammack (R),Kat Cammack,Kat Cammack,C001039,,rep,FL,Republican,R,100.0,auto,$2634508,2634508,$433343,433343,16.45%,16.45,Raised over $100k
HayesJahana Hayes (D),Jahana Hayes,Jahana Hayes,H001081,,rep,CT,Democrat,D,100.0,auto,$4048084,4048084,$657678,657678,16.25%,16.25,Raised over $100k
CaraveoYadira Caraveo (D),Yadira Caraveo,Yadira Caraveo,C001134,,rep,CO,Democrat,D,100.0,manual,$8048643,8048643,$1294679,1294679,16.09%,16.09,Raised over $100k
FousheeValerie Foushee (D),Valerie Foushee,Valerie P. Foushee,F000477,,rep,NC,Democrat,D,90.9,auto,$683926,683926,$109725,109725,16.04%,16.04,Raised over $100k
HinsonAshley Hinson (R),Ashley Hinson,Ashley Hinson,H001091,,rep,IA,Republican,R,100.0,auto,$5565617,5565617,$888904,888904,15.97%,15.97,Raised over $100k
McClintockTom McClintock (R),Tom McClintock,Tom McClintock,M001177,,rep,CA,Republican,R,100.0,auto,$1143387,1143387,$180914,180914,15.82%,15.82,Raised over $100k
SarbanesJohn Sarbanes (D),John P. Sarbanes,John P. Sarbanes,S001168,,rep,MD,Democrat,D,100.0,manual,$15868,15868,$2509,2509,15.81%,15.81,Raised less than $100k
UnderwoodLauren A Underwood (D),Lauren A Underwood,Lauren Underwood,U000040,,rep,IL,Democrat,D,94.1,auto,$4082518,4082518,$644232,644232,15.78%,15.78,Raised over $100k
LummisCynthia Lummis (R),Cynthia Lummis,Cynthia M. Lummis,L000571,,sen,WY,Republican,R,90.3,auto,$3581541,3581541,$561158,561158,15.67%,15.67,Raised over $100k
IssaDarrell Issa (R),Darrell Issa,Darrell Issa,I000056,,rep,CA,Republican,R,100.0,auto,$1761806,1761806,$275631,275631,15.64%,15.64,Raised over $100k
SmithChris Smith (R),Chris Smith,Christopher H. Smith,S000522,,rep,NJ,Republican,R,71.0,auto,$838537,838537,$130989,130989,15.62%,15.62,Raised over $100k
SteubeGreg Steube (R),Greg Steube,W. Gregory Steube,S001214,,rep,FL,Republican,R,78.6,auto,$1710108,1710108,$266852,266852,15.60%,15.6,Raised over $100k
BalintBecca Balint (D),Becca Balint,Becca Balint,B001318,,rep,VT,Democrat,D,100.0,auto,$1372634,1372634,$214118,214118,15.60%,15.6,Raised over $100k
StansburyMelanie Stansbury (D),Melanie Stansbury,Melanie A. Stansbury,S001218,,rep,NM,Democrat,D,91.9,auto,$1343239,1343239,$209339,209339,15.58%,15.58,Raised over $100k
McGovernJames P McGovern (D),James P McGovern,James P. McGovern,M000312,,rep,MA,Democrat,D,97.0,auto,$1092908,1092908,$170174,170174,15.57%,15.57,Raised over $100k
GarciaMike Garcia (R),Robert Garcia,Robert Garcia,G000598,,rep,CA,Democrat,R,100.0,manual,$6485208,6485208,$1007275,1007275,15.53%,15.53,Raised over $100k
HigginsClay Higgins (R),Clay Higgins,Clay Higgins,H001077,,rep,LA,Republican,R,100.0,auto,$1016991,1016991,$157875,157875,15.52%,15.52,Raised over $100k
WildSusan Wild (D),Susan Wild,Susan Wild,W000826,,rep,PA,Democrat,D,100.0,manual,$8856117,8856117,$1374447,1374447,15.52%,15.52,Raised over $100k
BurlisonEric Burlison (R),Eric Burlison,Eric Burlison,B001316,,rep,MO,Republican,R,100.0,auto,$923026,923026,$143138,143138,15.51%,15.51,Raised over $100k
CantwellMaria Cantwell (D),Maria Cantwell,Maria Cantwell,C000127,,sen,WA,Democrat,D,100.0,auto,$12724745,12724745,$1969002,1969002,15.47%,15.47,Raised over $100k
GluesenkampMarie Gluesenkamp Perez (D),Craig A. Goldman,Craig A. Goldman,G000601,,rep,TX,Republican,D,100.0,manual,$11660957,11660957,$1798924,1798924,15.43%,15.43,Raised over $100k
McBathLucy McBath (D),Lucy McBath,Lucy McBath,M001208,,rep,GA,Democrat,D,100.0,auto,$2431244,2431244,$368999,368999,15.18%,15.18,Raised over $100k
HarderJosh Harder (D),Josh Harder,Josh Harder,H001090,,rep,CA,Democrat,D,100.0,auto,$5306590,5306590,$800349,800349,15.08%,15.08,Raised over $100k
MoultonSeth Moulton (D),Seth Moulton,Seth Moulton,M001196,,rep,MA,Democrat,D,100.0,auto,$2849440,2849440,$428950,428950,15.05%,15.05,Raised over $100k
GillibrandKirsten Gillibrand (D),Kirsten Gillibrand,Kirsten E. Gillibrand,G000555,,sen,NY,Democrat,D,92.3,auto,$14857728,14857728,$2224331,2224331,14.97%,14.97,Raised over $100k
GoldenJared Golden (D),Jared Golden,Jared F. Golden,G000592,,rep,ME,Democrat,D,88.9,auto,$7743101,7743101,$1128219,1128219,14.57%,14.57,Raised over $100k
SchmittEric Schmitt (R),Eric Schmitt,Eric Schmitt,S001227,,sen,MO,Republican,R,100.0,auto,$8421390,8421390,$1218529,1218529,14.47%,14.47,Raised over $100k
TiffanyTom Tiffany (R),Thomas P. Tiffany,Thomas P. Tiffany,T000165,,rep,WI,Republican,R,100.0,manual,$1241429,1241429,$177927,177927,14.33%,14.33,Raised over $100k
HeinrichMartin Heinrich (D),Martin Heinrich,Martin Heinrich,H001046,,sen,NM,Democrat,D,100.0,auto,$12970084,12970084,$1857275,1857275,14.32%,14.32,Raised over $100k
GrothmanGlenn Grothman (R),Glenn Grothman,Glenn Grothman,G000576,,rep,WI,Republican,R,100.0,auto,$985756,985756,$139944,139944,14.20%,14.2,Raised over $100k
ConnollyGerry Connolly (D),Gerald E. Connolly,Gerald E. Connolly,C001078,,rep,VA,Democrat,D,100.0,manual,$2517838,2517838,$356034,356034,14.14%,14.14,Raised over $100k
FischbachMichelle Fischbach (R),Michelle Fischbach,Michelle Fischbach,F000470,,rep,MN,Republican,R,100.0,auto,$2010301,2010301,$281783,281783,14.02%,14.02,Raised over $100k
VasquezGabe Vasquez (D),Gabe Vasquez,Gabe Vasquez,V000136,,rep,NM,Democrat,D,100.0,auto,$6956820,6956820,$966637,966637,13.89%,13.89,Raised over $100k
DurbinDick Durbin (D),Richard J. Durbin,Richard J. Durbin,D000563,,sen,IL,Democrat,D,100.0,manual,$9493246,9493246,$1317861,1317861,13.88%,13.88,Raised over $100k
FeenstraRandy Feenstra (R),Randy Feenstra,Randy Feenstra,F000446,,rep,IA,Republican,R,100.0,auto,$4242569,4242569,$585320,585320,13.80%,13.8,Raised over $100k
SykesEmilia Sykes (D),Emilia Sykes,Emilia Strong Sykes,S001223,,rep,OH,Democrat,D,77.4,auto,$5270437,5270437,$715744,715744,13.58%,13.58,Raised over $100k
SuozziTom Suozzi (D),Tom Suozzi,Thomas R. Suozzi,S001201,,rep,NY,Democrat,D,76.9,auto,$9538256,9538256,$1289185,1289185,13.52%,13.52,Raised over $100k
CramerKevin Cramer (R),Kevin Cramer,Kevin Cramer,C001096,,sen,ND,Republican,R,100.0,auto,$6388234,6388234,$859805,859805,13.46%,13.46,Raised over $100k
SherrillMikie Sherrill (D),Mikie Sherrill,Mikie Sherrill,S001207,,rep,NJ,Democrat,D,100.0,manual,$4400561,4400561,$591662,591662,13.45%,13.45,Raised over $100k
MolinaroMarc Molinaro (R),Robert Menendez,Robert Menendez,M001226,,rep,NJ,Democrat,R,100.0,manual,$5501365,5501365,$735985,735985,13.38%,13.38,Raised over $100k
WilliamsBrandon Williams (R),Brandon Williams,,,,,,,R,66.7,no_match,$4172151,4172151,$554346,554346,13.29%,13.29,Raised over $100k
PoseyBill Posey (R),Bill Posey,Bill Posey,P000599,,rep,FL,Republican,R,100.0,manual,$434040,434040,$57383,57383,13.22%,13.22,Raised over $100k
SwalwellEric Swalwell (D),Eric Swalwell,Eric Swalwell,S001193,,rep,CA,Democrat,D,100.0,auto,$3885636,3885636,$511246,511246,13.16%,13.16,Raised over $100k
SchumerCharles E Schumer (D),Charles E Schumer,Charles E. Schumer,S000148,,sen,NY,Democrat,D,97.1,auto,$42963221,42963221,$5630162,5630162,13.10%,13.1,Raised over $100k
MaceNancy Mace (R),Nancy Mace,Nancy Mace,M000194,,rep,SC,Republican,R,100.0,auto,$3461772,3461772,$449704,449704,12.99%,12.99,Raised over $100k
MoskowitzJared Moskowitz (D),Jared Moskowitz,Jared Moskowitz,M001217,,rep,FL,Democrat,D,100.0,auto,$2169791,2169791,$280960,280960,12.95%,12.95,Raised over $100k
CourtneyJoe Courtney (D),Joe Courtney,Joe Courtney,C001069,,rep,CT,Democrat,D,100.0,auto,$1265677,1265677,$160372,160372,12.67%,12.67,Raised over $100k
LeskoDebbie Lesko (R),Debbie Lesko,Debbie Lesko,L000589,,rep,AZ,Republican,R,100.0,manual,$319014,319014,$40398,40398,12.66%,12.66,Raised over $100k
SalinasAndrea Salinas (D),Andrea Salinas,Andrea Salinas,S001226,,rep,OR,Democrat,D,100.0,auto,$5312185,5312185,$670954,670954,12.63%,12.63,Raised over $100k
HagertyBill Hagerty (R),Bill Hagerty,Bill Hagerty,H000601,,sen,TN,Republican,R,100.0,auto,$17165599,17165599,$2163506,2163506,12.60%,12.6,Raised over $100k
BraunMike Braun (R),Mike Braun,Mike Braun,B001310,,sen,IN,Republican,R,100.0,manual,$2175017,2175017,$273857,273857,12.59%,12.59,Raised over $100k
BrittKatie Britt (R),Katie Britt,Katie Boyd Britt,B001319,,sen,AL,Republican,R,81.5,auto,$15313397,15313397,$1919905,1919905,12.54%,12.54,Raised over $100k
PingreeChellie Pingree (D),Chellie Pingree,Chellie Pingree,P000597,,rep,ME,Democrat,D,100.0,auto,$661687,661687,$82710,82710,12.50%,12.5,Raised over $100k
RosendaleMatt Rosendale (R),"Matthew M. Rosendale, Sr.","Matthew M. Rosendale, Sr.",R000103,,rep,MT,Republican,R,100.0,manual,$790441,790441,$97482,97482,12.33%,12.33,Raised over $100k
LopezGreg Lopez (R),,,,,,,,R,0.0,known_non_member,$43353,43353,$5266,5266,12.15%,12.15,Raised less than $100k
LegerTeresa Leger Fernandez (D),Alan S. Lowenthal,Alan S. Lowenthal,L000579,,rep,CA,Democrat,D,100.0,manual,$2105098,2105098,$254871,254871,12.11%,12.11,Raised over $100k
McCaulMichael McCaul (R),Michael McCaul,Michael T. McCaul,M001157,,rep,TX,Republican,R,90.3,auto,$3127715,3127715,$377739,377739,12.08%,12.08,Raised over $100k
RischJames E Risch (R),James E Risch,James E. Risch,R000584,,sen,ID,Republican,R,96.3,auto,$3958222,3958222,$472814,472814,11.95%,11.95,Raised over $100k
CastroJoaquin Castro (D),Joaquin Castro,Joaquin Castro,C001091,,rep,TX,Democrat,D,100.0,auto,$677236,677236,$80805,80805,11.93%,11.93,Raised over $100k
OglesAndy Ogles (R),Andy Ogles,Andrew Ogles,O000175,,rep,TN,Republican,R,81.8,auto,$953830,953830,$113373,113373,11.89%,11.89,Raised over $100k
CraigAngie Craig (D),Angie Craig,Angie Craig,C001119,,rep,MN,Democrat,D,100.0,auto,$7785521,7785521,$920160,920160,11.82%,11.82,Raised over $100k
BairdJim Baird (R),James R. Baird,James R. Baird,B001307,,rep,IN,Republican,R,100.0,manual,$455568,455568,$52686,52686,11.56%,11.56,Raised over $100k
Chavez-DeremerLori Chavez-Deremer (R),,,,,,,,R,0.0,override_id_missing,$5962097,5962097,$687815,687815,11.54%,11.54,Raised over $100k
KapturMarcy Kaptur (D),Marcy Kaptur,Marcy Kaptur,K000009,,rep,OH,Democrat,D,100.0,auto,$5030990,5030990,$574735,574735,11.42%,11.42,Raised over $100k
HarrisAndy Harris (R),Andy Harris,Andy Harris,H001052,,rep,MD,Republican,R,100.0,auto,$1349540,1349540,$152803,152803,11.32%,11.32,Raised over $100k
MalliotakisNicole Malliotakis (R),Nicole Malliotakis,Nicole Malliotakis,M000317,,rep,NY,Republican,R,100.0,auto,$3303258,3303258,$368457,368457,11.15%,11.15,Raised over $100k
BergmanJohn Bergman (R),John Bergman,Jack Bergman,B001301,,rep,MI,Republican,R,75.0,auto,$1948889,1948889,$215674,215674,11.07%,11.07,Raised over $100k
NunnZach Nunn (R),Zach Nunn,Zachary Nunn,N000193,,rep,IA,Republican,R,85.7,auto,$5752268,5752268,$635937,635937,11.06%,11.06,Raised over $100k
LofgrenZoe Lofgren (D),Zoe Lofgren,Zoe Lofgren,L000397,,rep,CA,Democrat,D,100.0,auto,$2276594,2276594,$247668,247668,10.88%,10.88,Raised over $100k
StauberPete Stauber (R),Pete Stauber,Pete Stauber,S001212,,rep,MN,Republican,R,100.0,auto,$2260576,2260576,$245854,245854,10.88%,10.88,Raised over $100k
RamirezDelia Ramirez (D),Delia Ramirez,Delia C. Ramirez,R000617,,rep,IL,Democrat,D,89.7,auto,$1115639,1115639,$121089,121089,10.85%,10.85,Raised over $100k
CloudMichael Cloud (R),Michael Cloud,Michael Cloud,C001115,,rep,TX,Republican,R,100.0,auto,$785113,785113,$80300,80300,10.23%,10.23,Raised over $100k
WarnerMark Warner (D),Mark Warner,Mark R. Warner,W000805,,sen,VA,Democrat,D,88.0,auto,$20277320,20277320,$2070814,2070814,10.21%,10.21,Raised over $100k
GoldmanDan Goldman (D),Dan Goldman,Daniel S. Goldman,G000599,,rep,NY,Democrat,D,78.6,auto,$3604421,3604421,$365993,365993,10.15%,10.15,Raised over $100k
DavisDon Davis (D),Don Davis,Donald G. Davis,D000230,,rep,NC,Democrat,D,75.0,auto,$5997022,5997022,$607763,607763,10.13%,10.13,Raised over $100k
ScholtenHillary Scholten (D),Hillary Scholten,Hillary J. Scholten,S001221,,rep,MI,Democrat,D,91.4,auto,$5219042,5219042,$524791,524791,10.06%,10.06,Raised over $100k
SchakowskyJan Schakowsky (D),Jan Schakowsky,Janice D. Schakowsky,S001145,,rep,IL,Democrat,D,82.4,auto,$1547043,1547043,$153233,153233,9.90%,9.9,Raised over $100k
TakanoMark Takano (D),Mark Takano,Mark Takano,T000472,,rep,CA,Democrat,D,100.0,auto,$1281860,1281860,$125289,125289,9.77%,9.77,Raised over $100k
ManningKathy Manning (D),Gregory F. Murphy,Gregory F. Murphy,M001210,,rep,NC,Republican,D,100.0,manual,$428505,428505,$41882,41882,9.77%,9.77,Raised over $100k
GreenMark Green (R),Mark E. Green,Mark E. Green,G000590,,rep,TN,Republican,R,100.0,manual,$2140409,2140409,$207720,207720,9.70%,9.7,Raised over $100k
LevinMike Levin (D),Mike Levin,Mike Levin,L000593,,rep,CA,Democrat,D,100.0,auto,$5512893,5512893,$533760,533760,9.68%,9.68,Raised over $100k
SorensenEric Sorensen (D),Eric Sorensen,Eric Sorensen,S001225,,rep,IL,Democrat,D,100.0,auto,$4999828,4999828,$479638,479638,9.59%,9.59,Raised over $100k
FulcherRuss Fulcher (R),Russ Fulcher,Russ Fulcher,F000469,,rep,ID,Republican,R,100.0,auto,$626646,626646,$59964,59964,9.57%,9.57,Raised over $100k
RyanPat Ryan (D),Pat Ryan,Patrick Ryan,R000579,,rep,NY,Democrat,D,80.0,auto,$7966965,7966965,$761213,761213,9.55%,9.55,Raised over $100k
MrvanFrank Mrvan Jr (D),Frank Mrvan Jr,Frank J. Mrvan,M001214,,rep,IN,Democrat,D,92.9,auto,$3182521,3182521,$299007,299007,9.40%,9.4,Raised over $100k
PflugerAugust Pfluger (R),August Pfluger,August Pfluger,P000048,,rep,TX,Republican,R,100.0,auto,$3462839,3462839,$320725,320725,9.26%,9.26,Raised over $100k
WydenRon Wyden (D),Ron Wyden,Ron Wyden,W000779,,sen,OR,Democrat,D,100.0,auto,$13797024,13797024,$1276047,1276047,9.25%,9.25,Raised over $100k
DeluzioChristopher Deluzio (D),Christopher Deluzio,Christopher R. Deluzio,D000530,,rep,PA,Democrat,D,92.7,auto,$5017315,5017315,$463798,463798,9.24%,9.24,Raised over $100k
TonkoPaul Tonko (D),Paul Tonko,Paul Tonko,T000469,,rep,NY,Democrat,D,100.0,auto,$1541765,1541765,$141725,141725,9.19%,9.19,Raised over $100k
HoyleVal Hoyle (D),Val Hoyle,Val T. Hoyle,H001094,,rep,OR,Democrat,D,85.7,auto,$2636516,2636516,$242102,242102,9.18%,9.18,Raised over $100k
LandsmanGreg Landsman (D),Greg Landsman,Greg Landsman,L000601,,rep,OH,Democrat,D,100.0,auto,$3674183,3674183,$333673,333673,9.08%,9.08,Raised over $100k
BarrassoJohn Barrasso (R),John Barrasso,John Barrasso,B001261,,sen,WY,Republican,R,100.0,auto,$10586702,10586702,$959048,959048,9.06%,9.06,Raised over $100k
SullivanDan Sullivan (R),Dan Sullivan,Dan Sullivan,S001198,,sen,AK,Republican,R,100.0,auto,$11438622,11438622,$1007738,1007738,8.81%,8.81,Raised over $100k
BlumenthalRichard Blumenthal (D),Richard Blumenthal,Richard Blumenthal,B001277,,sen,CT,Democrat,D,100.0,auto,$8881747,8881747,$780481,780481,8.79%,8.79,Raised over $100k
SchrierKim Schrier (D),Kim Schrier,Kim Schrier,S001216,,rep,WA,Democrat,D,100.0,auto,$6409926,6409926,$563031,563031,8.78%,8.78,Raised over $100k
FinstadBrad Finstad (R),Brad Finstad,Brad Finstad,F000475,,rep,MN,Republican,R,100.0,auto,$1954782,1954782,$171280,171280,8.76%,8.76,Raised over $100k
ScottRick Scott (R),Rick Scott,Rick Scott,S001217,,sen,FL,Republican,R,100.0,auto,$46338811,46338811,$4059971,4059971,8.76%,8.76,Raised over $100k
NeguseJoseph Neguse (D),Joseph Neguse,Joe Neguse,N000191,,rep,CO,Democrat,D,87.0,auto,$2402305,2402305,$210215,210215,8.75%,8.75,Raised over $100k
KilmerDerek Kilmer (D),Derek Kilmer,Derek Kilmer,K000381,,rep,WA,Democrat,D,100.0,manual,$763029,763029,$66457,66457,8.71%,8.71,Raised over $100k
DunnNeal Dunn (R),Neal Dunn,Neal P. Dunn,D000628,,rep,FL,Republican,R,85.7,auto,$1062453,1062453,$91746,91746,8.64%,8.64,Raised over $100k
KingAngus King (I),Angus King,"Angus S. King, Jr.",K000383,,sen,ME,Independent,I,71.4,auto,$5613023,5613023,$478088,478088,8.52%,8.52,Raised over $100k
GayMary Gay Scanlon (D),Mary Gay Scanlon,Mary Gay Scanlon,S001205,,rep,PA,Democrat,D,100.0,manual,$1473876,1473876,$124637,124637,8.46%,8.46,Raised over $100k
MarshallRoger Marshall (R),Roger Marshall,Roger Marshall,M001198,,sen,KS,Republican,R,100.0,auto,$8689537,8689537,$730434,730434,8.41%,8.41,Raised over $100k
LaturnerJake Laturner (R),Nicholas A. Langworthy,Nicholas A. Langworthy,L000600,,rep,NY,Republican,R,100.0,manual,$678202,678202,$55749,55749,8.22%,8.22,Raised over $100k
CasarGreg Casar (D),Greg Casar,Greg Casar,C001131,,rep,TX,Democrat,D,100.0,auto,$1108368,1108368,$90943,90943,8.21%,8.21,Raised over $100k
WenstrupBrad Wenstrup (R),Brad R. Wenstrup,Brad R. Wenstrup,W000815,,rep,OH,Republican,R,100.0,manual,$618722,618722,$50740,50740,8.20%,8.2,Raised over $100k
PettersenBrittany Pettersen (D),Brittany Pettersen,Brittany Pettersen,P000620,,rep,CO,Democrat,D,100.0,auto,$2444027,2444027,$200264,200264,8.19%,8.19,Raised over $100k
DelBeneSuzan DelBene (D),Suzan DelBene,Suzan K. DelBene,D000617,,rep,WA,Democrat,D,89.7,auto,$3820057,3820057,$310137,310137,8.12%,8.12,Raised over $100k
SmithJason Smith (R),Jason Smith,Jason Smith,S001195,,rep,MO,Republican,R,100.0,auto,$6519602,6519602,$528856,528856,8.11%,8.11,Raised over $100k
KeatingBill Keating (D),William R. Keating,William R. Keating,K000375,,rep,MA,Democrat,D,100.0,manual,$678884,678884,$54638,54638,8.05%,8.05,Raised over $100k
ClyburnJames E Clyburn (D),James E Clyburn,James E. Clyburn,C000537,,rep,SC,Democrat,D,96.8,auto,$2219819,2219819,$177896,177896,8.01%,8.01,Raised over $100k
JacobsSara Jacobs (D),Sara Jacobs,Sara Jacobs,J000305,,rep,CA,Democrat,D,100.0,auto,$1698496,1698496,$133945,133945,7.89%,7.89,Raised over $100k
LeeErica Lee Carter (D),Wm. Lacy Clay,Wm. Lacy Clay,C001049,,rep,MO,Democrat,D,100.0,manual,$70270,70270,$5495,5495,7.82%,7.82,Raised less than $100k
CastenSean Casten (D),Sean Casten,Sean Casten,C001117,,rep,IL,Democrat,D,100.0,auto,$3007319,3007319,$233392,233392,7.76%,7.76,Raised over $100k
YoungTodd Young (R),Todd Young,Todd Young,Y000064,,sen,IN,Republican,R,100.0,auto,$15679033,15679033,$1216193,1216193,7.76%,7.76,Raised over $100k
RoundsMike Rounds (R),Mike Rounds,Mike Rounds,R000605,,sen,SD,Republican,R,100.0,auto,$4905720,4905720,$380413,380413,7.75%,7.75,Raised over $100k
FosterBill Foster (D),Bill Foster,Bill Foster,F000454,,rep,IL,Democrat,D,100.0,auto,$3218842,3218842,$246554,246554,7.66%,7.66,Raised over $100k
SinemaKyrsten Sinema (I),Kyrsten Sinema,Kyrsten Sinema,S001191,,sen,AZ,Independent,I,100.0,manual,$12276462,12276462,$935778,935778,7.62%,7.62,Raised over $100k
FischerDeb Fischer (R),Deb Fischer,Deb Fischer,F000463,,sen,NE,Republican,R,100.0,auto,$8409719,8409719,$639629,639629,7.61%,7.61,Raised over $100k
NehlsTroy Nehls (R),Troy Nehls,Troy E. Nehls,N000026,,rep,TX,Republican,R,87.0,auto,$834455,834455,$63085,63085,7.56%,7.56,Raised over $100k
LeeSusie Lee (D),Susie Lee,Susie Lee,L000590,,rep,NV,Democrat,D,100.0,auto,$5966655,5966655,$450741,450741,7.55%,7.55,Raised over $100k
DeanMadeleine Dean (D),Madeleine Dean,Madeleine Dean,D000631,,rep,PA,Democrat,D,100.0,auto,$1739285,1739285,$131357,131357,7.55%,7.55,Raised over $100k
NormanRalph Norman (R),Ralph Norman,Ralph Norman,N000190,,rep,SC,Republican,R,100.0,auto,$395128,395128,$29820,29820,7.55%,7.55,Raised over $100k
McMorrisCathy McMorris Rodgers (R),Cathy McMorris Rodgers,Cathy McMorris Rodgers,M001159,,rep,WA,Republican,R,100.0,manual,$3068965,3068965,$229910,229910,7.49%,7.49,Raised over $100k
KrishnamoorthiRaja Krishnamoorthi (D),Raja Krishnamoorthi,Raja Krishnamoorthi,K000391,,rep,IL,Democrat,D,100.0,auto,$10781740,10781740,$802847,802847,7.45%,7.45,Raised over $100k
RomneyMitt Romney (R),Mitt Romney,Mitt Romney,R000615,,sen,UT,Republican,R,100.0,manual,$2523205,2523205,$187046,187046,7.41%,7.41,Raised over $100k
FitzgeraldScott Fitzgerald (R),Scott Fitzgerald,Scott Fitzgerald,F000471,,rep,WI,Republican,R,100.0,auto,$1308311,1308311,$95942,95942,7.33%,7.33,Raised over $100k
CiscomaniJuan Ciscomani (R),Juan Ciscomani,Juan Ciscomani,C001133,,rep,AZ,Republican,R,100.0,auto,$6876505,6876505,$478641,478641,6.96%,6.96,Raised over $100k
TitusDina Titus (D),Dina Titus,Dina Titus,T000468,,rep,NV,Democrat,D,100.0,auto,$2427313,2427313,$167477,167477,6.90%,6.9,Raised over $100k
CastorKathy Castor (D),Kathy Castor,Kathy Castor,C001066,,rep,FL,Democrat,D,100.0,auto,$1162514,1162514,$80042,80042,6.89%,6.89,Raised over $100k
CartwrightMatt Cartwright (D),Matt Cartwright,Matt Cartwright,C001090,,rep,PA,Democrat,D,100.0,manual,$8563884,8563884,$583466,583466,6.81%,6.81,Raised over $100k
KusterAnn Kuster (D),Ann M. Kuster,Ann M. Kuster,K000382,,rep,NH,Democrat,D,100.0,manual,$1460525,1460525,$99210,99210,6.79%,6.79,Raised over $100k
TokudaJill Tokuda (D),Jill Tokuda,Jill N. Tokuda,T000487,,rep,HI,Democrat,D,88.0,auto,$961307,961307,$65216,65216,6.78%,6.78,Raised over $100k
CalvertKen Calvert (R),Ken Calvert,Ken Calvert,C000059,,rep,CA,Republican,R,100.0,auto,$8016040,8016040,$541157,541157,6.75%,6.75,Raised over $100k
ThuneJohn Thune (R),John Thune,John Thune,T000250,,sen,SD,Republican,R,100.0,auto,$14676498,14676498,$987613,987613,6.73%,6.73,Raised over $100k
RuizRaul Ruiz (D),Raul Ruiz,Raul Ruiz,R000599,,rep,CA,Democrat,D,100.0,auto,$2469042,2469042,$163127,163127,6.61%,6.61,Raised over $100k
WalbergTim Walberg (R),Tim Walberg,Tim Walberg,W000798,,rep,MI,Republican,R,100.0,auto,$1581866,1581866,$104443,104443,6.60%,6.6,Raised over $100k
McGarveyMorgan McGarvey (D),Morgan McGarvey,Morgan McGarvey,M001220,,rep,KY,Democrat,D,100.0,auto,$2152286,2152286,$141599,141599,6.58%,6.58,Raised over $100k
RossDeborah Ross (D),Deborah Ross,Deborah K. Ross,R000305,,rep,NC,Democrat,D,88.9,auto,$1916680,1916680,$124164,124164,6.48%,6.48,Raised over $100k
BeyerDon Beyer (D),"Donald S. Beyer, Jr.","Donald S. Beyer, Jr.",B001292,,rep,VA,Democrat,D,100.0,manual,$1924972,1924972,$123922,123922,6.44%,6.44,Raised over $100k
WilsonJoe Wilson (R),Joe Wilson,Joe Wilson,W000795,,rep,SC,Republican,R,100.0,auto,$875967,875967,$56230,56230,6.42%,6.42,Raised over $100k
LawlerMike Lawler (R),Mike Lawler,Michael Lawler,L000599,,rep,NY,Republican,R,80.0,auto,$8244034,8244034,$527131,527131,6.39%,6.39,Raised over $100k
KhannaRo Khanna (D),Ro Khanna,Ro Khanna,K000389,,rep,CA,Democrat,D,100.0,auto,$10139203,10139203,$647965,647965,6.39%,6.39,Raised over $100k
BonamiciSuzanne Bonamici (D),Suzanne Bonamici,Suzanne Bonamici,B001278,,rep,OR,Democrat,D,100.0,auto,$933463,933463,$59521,59521,6.38%,6.38,Raised over $100k
PappasChris Pappas (D),Chris Pappas,Chris Pappas,P000614,,rep,NH,Democrat,D,100.0,auto,$4064817,4064817,$258983,258983,6.37%,6.37,Raised over $100k
Miller-MeeksMariannette Miller-Meeks (R),Mariannette Miller-Meeks,Mariannette Miller-Meeks,M001215,,rep,IA,Republican,R,100.0,auto,$5424426,5424426,$344101,344101,6.34%,6.34,Raised over $100k
GonzalesTony Gonzales (R),Tony Gonzales,Tony Gonzales,G000594,,rep,TX,Republican,R,100.0,auto,$5901618,5901618,$372958,372958,6.32%,6.32,Raised over $100k
BarrAndy Barr (R),Andy Barr,Andy Barr,B001282,,rep,KY,Republican,R,100.0,auto,$4940959,4940959,$311870,311870,6.31%,6.31,Raised over $100k
JohnsonHank Johnson (D),"Henry C. ""Hank"" Johnson, Jr.","Henry C. ""Hank"" Johnson, Jr.",J000288,,rep,GA,Democrat,D,100.0,manual,$661564,661564,$40966,40966,6.19%,6.19,Raised over $100k
HoulahanChrissy Houlahan (D),Chrissy Houlahan,Chrissy Houlahan,H001085,,rep,PA,Democrat,D,100.0,auto,$2490375,2490375,$154029,154029,6.18%,6.18,Raised over $100k
HuffmanJared Huffman (D),Jared Huffman,Jared Huffman,H001068,,rep,CA,Democrat,D,100.0,auto,$997755,997755,$61180,61180,6.13%,6.13,Raised over $100k
EmmerTom Emmer (R),Tom Emmer,Tom Emmer,E000294,,rep,MN,Republican,R,100.0,auto,$8166673,8166673,$498537,498537,6.10%,6.1,Raised over $100k
MooreShelley Moore Capito (R),Shelley Moore Capito,Shelley Moore Capito,C001047,,sen,WV,Republican,R,100.0,manual,$6809822,6809822,$414479,414479,6.09%,6.09,Raised over $100k
BishopDan Bishop (R),Dan Bishop,Dan Bishop,B001311,,rep,NC,Republican,R,100.0,manual,$223950,223950,$13538,13538,6.05%,6.05,Raised over $100k
NadlerJerrold Nadler (D),Jerrold Nadler,Jerrold Nadler,N000002,,rep,NY,Democrat,D,100.0,auto,$1186827,1186827,$71188,71188,6.00%,6.0,Raised over $100k
BentzCliff Bentz (R),Cliff Bentz,Cliff Bentz,B000668,,rep,OR,Republican,R,100.0,auto,$1093068,1093068,$65275,65275,5.97%,5.97,Raised over $100k
NickelWiley Nickel (D),Zachary Nunn,Zachary Nunn,N000193,,rep,IA,Republican,D,100.0,manual,$1506600,1506600,$89202,89202,5.92%,5.92,Raised over $100k
SchatzBrian Schatz (D),Brian Schatz,Brian Schatz,S001194,,sen,HI,Democrat,D,100.0,auto,$4179203,4179203,$246841,246841,5.91%,5.91,Raised over $100k
WickerRoger Wicker (R),Roger Wicker,Roger F. Wicker,W000437,,sen,MS,Republican,R,88.9,auto,$9761165,9761165,$571305,571305,5.85%,5.85,Raised over $100k
SalazarMaria Salazar (R),Maria Salazar,Maria Elvira Salazar,S000168,,rep,FL,Republican,R,78.8,auto,$3222051,3222051,$188175,188175,5.84%,5.84,Raised over $100k
ClineBen Cline (R),Ben Cline,Ben Cline,C001118,,rep,VA,Republican,R,100.0,auto,$1012181,1012181,$58930,58930,5.82%,5.82,Raised over $100k
ScaliseSteve Scalise (R),Steve Scalise,Steve Scalise,S001176,,rep,LA,Republican,R,100.0,auto,$14633365,14633365,$846440,846440,5.78%,5.78,Raised over $100k
BeraAmi Bera (D),Ami Bera,Ami Bera,B001287,,rep,CA,Democrat,D,100.0,auto,$1114106,1114106,$62602,62602,5.62%,5.62,Raised over $100k
PhillipsDean Phillips (D),Dean Phillips,Dean Phillips,P000616,,rep,MN,Democrat,D,100.0,manual,$7670177,7670177,$426978,426978,5.57%,5.57,Raised over $100k
D'EspositoAnthony D'Esposito (R),,,,,,,,R,0.0,no_match,$4519185,4519185,$251430,251430,5.56%,5.56,Raised over $100k
DesaulnierMark Desaulnier (D),Mark Desaulnier,Mark DeSaulnier,D000623,,rep,CA,Democrat,D,93.3,auto,$658949,658949,$36599,36599,5.55%,5.55,Raised over $100k
BlackburnMarsha Blackburn (R),Marsha Blackburn,Marsha Blackburn,B001243,,sen,TN,Republican,R,100.0,auto,$18651419,18651419,$1035095,1035095,5.55%,5.55,Raised over $100k
BrownleyJulia Brownley (D),Julia Brownley,Julia Brownley,B001285,,rep,CA,Democrat,D,100.0,auto,$1581880,1581880,$87174,87174,5.51%,5.51,Raised over $100k
BiceStephanie Bice (R),Stephanie Bice,Stephanie I. Bice,B000740,,rep,OK,Republican,R,90.3,auto,$2096812,2096812,$115186,115186,5.49%,5.49,Raised over $100k
AmoGabe Amo (D),Gabe Amo,Gabe Amo,A000380,,rep,RI,Democrat,D,100.0,auto,$2567784,2567784,$139662,139662,5.44%,5.44,Raised over $100k
StevensHaley Stevens (D),Haley Stevens,Haley M. Stevens,S001215,,rep,MI,Democrat,D,89.7,auto,$2653589,2653589,$143805,143805,5.42%,5.42,Raised over $100k
CassidyBill Cassidy (R),Bill Cassidy,Bill Cassidy,C001075,,sen,LA,Republican,R,100.0,auto,$13712530,13712530,$741811,741811,5.41%,5.41,Raised over $100k
LarsenRick Larsen (D),Rick Larsen,Rick Larsen,L000560,,rep,WA,Democrat,D,100.0,auto,$2430826,2430826,$131460,131460,5.41%,5.41,Raised over $100k
MullinMarkwayne Mullin (R),Markwayne Mullin,Markwayne Mullin,M001190,,sen,OK,Republican,R,100.0,auto,$6423041,6423041,$340318,340318,5.30%,5.3,Raised over $100k
SchneiderBrad Schneider (D),Brad Schneider,Bradley Scott Schneider,S001190,,rep,IL,Democrat,D,75.7,auto,$3837024,3837024,$200405,200405,5.22%,5.22,Raised over $100k
SteilBryan Steil (R),Bryan Steil,Bryan Steil,S001213,,rep,WI,Republican,R,100.0,auto,$5469476,5469476,$285471,285471,5.22%,5.22,Raised over $100k
PadillaAlex Padilla (D),Alex Padilla,Alex Padilla,P000145,,sen,CA,Democrat,D,100.0,auto,$12645481,12645481,$659863,659863,5.22%,5.22,Raised over $100k
BudzinskiNikki Budzinski (D),Nikki Budzinski,Nikki Budzinski,B001315,,rep,IL,Democrat,D,100.0,auto,$4276995,4276995,$218683,218683,5.11%,5.11,Raised over $100k
KildeeDan Kildee (D),Daniel T. Kildee,Daniel T. Kildee,K000380,,rep,MI,Democrat,D,100.0,manual,$1258893,1258893,$64239,64239,5.10%,5.1,Raised over $100k
VanChris Van Hollen (D),Chris Van Hollen,Chris Van Hollen,V000128,,sen,MD,Democrat,D,100.0,manual,$8407893,8407893,$424602,424602,5.05%,5.05,Raised over $100k
AdamsAlma Adams (D),Alma Adams,Alma S. Adams,A000370,,rep,NC,Democrat,D,87.0,auto,$714938,714938,$34494,34494,4.82%,4.82,Raised over $100k
DingellDebbie Dingell (D),Debbie Dingell,Debbie Dingell,D000624,,rep,MI,Democrat,D,100.0,auto,$1600135,1600135,$76307,76307,4.77%,4.77,Raised over $100k
StantonGreg Stanton (D),Greg Stanton,Greg Stanton,S001211,,rep,AZ,Democrat,D,100.0,auto,$2768921,2768921,$130327,130327,4.71%,4.71,Raised over $100k
CarperTom Carper (D),Thomas R. Carper,Thomas R. Carper,C000174,,sen,DE,Democrat,D,100.0,manual,$1559477,1559477,$72302,72302,4.64%,4.64,Raised over $100k
DeLauroRosa DeLauro (D),Rosa DeLauro,Rosa L. DeLauro,D000216,,rep,CT,Democrat,D,88.9,auto,$1717839,1717839,$79563,79563,4.63%,4.63,Raised over $100k
BrownShontel Brown (D),Shontel Brown,Shontel M. Brown,B001313,,rep,OH,Democrat,D,89.7,auto,$1396913,1396913,$64413,64413,4.61%,4.61,Raised over $100k
McCormickRichard McCormick (R),Richard McCormick,Richard McCormick,M001218,,rep,GA,Republican,R,100.0,auto,$2168121,2168121,$98906,98906,4.56%,4.56,Raised over $100k
CoonsChris Coons (D),Chris Coons,Christopher A. Coons,C001088,,sen,DE,Democrat,D,71.0,auto,$8719861,8719861,$394545,394545,4.52%,4.52,Raised over $100k
McIverLaMonica McIver (D),LaMonica McIver,LaMonica McIver,M001229,,rep,NJ,Democrat,D,100.0,auto,$637119,637119,$28827,28827,4.52%,4.52,Raised over $100k
HimesJim Himes (D),James A. Himes,James A. Himes,H001047,,rep,CT,Democrat,D,100.0,manual,$2112633,2112633,$95194,95194,4.51%,4.51,Raised over $100k
WassermanDebbie Wasserman Schultz (D),Debbie Wasserman Schultz,Debbie Wasserman Schultz,W000797,,rep,FL,Democrat,D,100.0,manual,$2865663,2865663,$127672,127672,4.46%,4.46,Raised over $100k
McCollumBetty McCollum (D),Betty McCollum,Betty McCollum,M001143,,rep,MN,Democrat,D,100.0,auto,$1758278,1758278,$76391,76391,4.34%,4.34,Raised over $100k
FrankelLois Frankel (D),Lois Frankel,Lois Frankel,F000462,,rep,FL,Democrat,D,100.0,auto,$1859626,1859626,$80239,80239,4.31%,4.31,Raised over $100k
LankfordJames Lankford (R),James Lankford,James Lankford,L000575,,sen,OK,Republican,R,100.0,auto,$7449710,7449710,$321182,321182,4.31%,4.31,Raised over $100k
ClydeAndrew Clyde (R),Andrew Clyde,Andrew S. Clyde,C001116,,rep,GA,Republican,R,88.9,auto,$561936,561936,$24143,24143,4.30%,4.3,Raised over $100k
CleaverEmanuel Cleaver (D),Emanuel Cleaver,Emanuel Cleaver,C001061,,rep,MO,Democrat,D,100.0,auto,$1384776,1384776,$59479,59479,4.30%,4.3,Raised over $100k
MurkowskiLisa Murkowski (R),Lisa Murkowski,Lisa Murkowski,M001153,,sen,AK,Republican,R,100.0,auto,$10964335,10964335,$468219,468219,4.27%,4.27,Raised over $100k
HudsonRichard Hudson (R),Richard Hudson,Richard Hudson,H001067,,rep,NC,Republican,R,100.0,auto,$3947101,3947101,$168431,168431,4.27%,4.27,Raised over $100k
DavisDanny K Davis (D),Danny K Davis,Danny K. Davis,D000096,,rep,IL,Democrat,D,96.3,auto,$818234,818234,$34904,34904,4.27%,4.27,Raised over $100k
WelchPeter Welch (D),Peter Welch,Peter Welch,W000800,,sen,VT,Democrat,D,100.0,auto,$5678073,5678073,$238536,238536,4.20%,4.2,Raised over $100k
PlaskettStacey Plaskett (D),Stacey Plaskett,Stacey E. Plaskett,P000610,,rep,VI,Democrat,D,90.9,auto,$668165,668165,$28070,28070,4.20%,4.2,Raised over $100k
ThompsonMike Thompson (D),Mike Thompson,Mike Thompson,T000460,,rep,CA,Democrat,D,100.0,auto,$2423434,2423434,$100836,100836,4.16%,4.16,Raised over $100k
BostMike Bost (R),Mike Bost,Mike Bost,B001295,,rep,IL,Republican,R,100.0,auto,$3092672,3092672,$128100,128100,4.14%,4.14,Raised over $100k
ColeTom Cole (R),Tom Cole,Tom Cole,C001053,,rep,OK,Republican,R,100.0,auto,$5570716,5570716,$227840,227840,4.09%,4.09,Raised over $100k
WatsonBonnie Watson Coleman (D),Bonnie Watson Coleman,Bonnie Watson Coleman,W000822,,rep,NJ,Democrat,D,100.0,manual,$929386,929386,$37879,37879,4.08%,4.08,Raised over $100k
CarsonAndre Carson (D),Andre Carson,André Carson,C001072,,rep,IN,Democrat,D,91.7,auto,$820449,820449,$32957,32957,4.02%,4.02,Raised over $100k
KennedyTimothy Kennedy (D),Timothy Kennedy,Timothy M. Kennedy,K000402,,rep,NY,Democrat,D,90.9,auto,$2598886,2598886,$103941,103941,4.00%,4.0,Raised over $100k
KeanThomas H Kean Jr. (R),Thomas H Kean Jr.,"Thomas H. Kean, Jr.",K000398,,rep,NJ,Republican,R,94.4,auto,$5922881,5922881,$232027,232027,3.92%,3.92,Raised over $100k
BrecheenJosh Brecheen (R),Josh Brecheen,Josh Brecheen,B001317,,rep,OK,Republican,R,100.0,auto,$331851,331851,$12860,12860,3.88%,3.88,Raised over $100k
LaHoodDarin LaHood (R),Darin LaHood,Darin LaHood,L000585,,rep,IL,Republican,R,100.0,auto,$3734144,3734144,$144062,144062,3.86%,3.86,Raised over $100k
AguilarPete Aguilar (D),Pete Aguilar,Pete Aguilar,A000371,,rep,CA,Democrat,D,100.0,auto,$5808795,5808795,$223890,223890,3.85%,3.85,Raised over $100k
LarsonJohn Larson (D),John Larson,John B. Larson,L000557,,rep,CT,Democrat,D,88.0,auto,$1522651,1522651,$58687,58687,3.85%,3.85,Raised over $100k
GarciaJesus Garcia (D),"Jesús G. ""Chuy"" García","Jesús G. ""Chuy"" García",G000586,,rep,IL,Democrat,D,100.0,manual,$798895,798895,$30653,30653,3.84%,3.84,Raised over $100k
VelazquezNydia Velazquez (D),Nydia M. Velázquez,Nydia M. Velázquez,V000081,,rep,NY,Democrat,D,100.0,manual,$464287,464287,$17362,17362,3.74%,3.74,Raised over $100k
SmithAdam Smith (D),Adam Smith,Adam Smith,S000510,,rep,WA,Democrat,D,100.0,auto,$1668647,1668647,$61281,61281,3.67%,3.67,Raised over $100k
KellyRobin Kelly (D),Robin Kelly,Robin L. Kelly,K000385,,rep,IL,Democrat,D,88.0,auto,$1893899,1893899,$69494,69494,3.67%,3.67,Raised over $100k
StricklandMarilyn Strickland (D),Marilyn Strickland,Marilyn Strickland,S001159,,rep,WA,Democrat,D,100.0,auto,$2048914,2048914,$74632,74632,3.64%,3.64,Raised over $100k
HoevenJohn Hoeven (R),John Hoeven,John Hoeven,H001061,,sen,ND,Republican,R,100.0,auto,$4567097,4567097,$165818,165818,3.63%,3.63,Raised over $100k
CarterBuddy Carter (R),Buddy Carter,"Earl L. ""Buddy"" Carter",C001103,,rep,GA,Republican,R,70.6,auto,$2581503,2581503,$93614,93614,3.63%,3.63,Raised over $100k
DeGetteDiana DeGette (D),Diana DeGette,Diana DeGette,D000197,,rep,CO,Democrat,D,100.0,auto,$1090985,1090985,$39183,39183,3.59%,3.59,Raised over $100k
ScottBobby Scott (D),"Robert C. ""Bobby"" Scott","Robert C. ""Bobby"" Scott",S000185,,rep,VA,Democrat,D,100.0,manual,$866157,866157,$30504,30504,3.52%,3.52,Raised over $100k
TorresRitchie Torres (D),Ritchie Torres,Ritchie Torres,T000486,,rep,NY,Democrat,D,100.0,auto,$9084008,9084008,$318391,318391,3.50%,3.5,Raised over $100k
LangworthyNick Langworthy (R),Nick Langworthy,Nicholas A. Langworthy,L000600,,rep,NY,Republican,R,75.7,auto,$1895322,1895322,$66077,66077,3.49%,3.49,Raised over $100k
WebsterDaniel Webster (R),Daniel Webster,Daniel Webster,W000806,,rep,FL,Republican,R,100.0,auto,$1004828,1004828,$34920,34920,3.48%,3.48,Raised over $100k
FryRussell Fry (R),Russell Fry,Russell Fry,F000478,,rep,SC,Republican,R,100.0,auto,$1473349,1473349,$50780,50780,3.45%,3.45,Raised over $100k
SelfKeith Self (R),Keith Self,Keith Self,S001224,,rep,TX,Republican,R,100.0,auto,$724772,724772,$24975,24975,3.45%,3.45,Raised over $100k
PanettaJimmy Panetta (D),Jimmy Panetta,Jimmy Panetta,P000613,,rep,CA,Democrat,D,100.0,auto,$3326588,3326588,$114385,114385,3.44%,3.44,Raised over $100k
RulliMichael Rulli (R),Michael Rulli,Michael A. Rulli,R000619,,rep,OH,Republican,R,89.7,auto,$1084894,1084894,$37054,37054,3.42%,3.42,Raised over $100k
LaMalfaDoug LaMalfa (R),Doug LaMalfa,Doug LaMalfa,L000578,,rep,CA,Republican,R,100.0,manual,$999613,999613,$33896,33896,3.39%,3.39,Raised over $100k
GreenAl Green (D),Al Green,Al Green,G000553,,rep,TX,Democrat,D,100.0,auto,$340453,340453,$11538,11538,3.39%,3.39,Raised over $100k
HorsfordSteven Horsford (D),Steven Horsford,Steven Horsford,H001066,,rep,NV,Democrat,D,100.0,auto,$5361170,5361170,$181254,181254,3.38%,3.38,Raised over $100k
LuetkemeyerBlaine Luetkemeyer (R),Blaine Luetkemeyer,Blaine Luetkemeyer,L000569,,rep,MO,Republican,R,100.0,manual,$1270996,1270996,$42321,42321,3.33%,3.33,Raised over $100k
ClarkKatherine Clark (D),Katherine Clark,Katherine M. Clark,C001101,,rep,MA,Democrat,D,90.9,auto,$4850379,4850379,$159971,159971,3.30%,3.3,Raised over $100k
WilliamsNikema Williams (D),Nikema Williams,Nikema Williams,W000788,,rep,GA,Democrat,D,100.0,auto,$991342,991342,$32115,32115,3.24%,3.24,Raised over $100k
ChuJudy Chu (D),Judy Chu,Judy Chu,C001080,,rep,CA,Democrat,D,100.0,auto,$1894637,1894637,$60915,60915,3.22%,3.22,Raised over $100k
MorelleJoseph D Morelle (D),Joseph D Morelle,Joseph D. Morelle,M001206,,rep,NY,Democrat,D,97.0,auto,$2122468,2122468,$68117,68117,3.21%,3.21,Raised over $100k
MullinKevin Mullin (D),Kevin Mullin,Kevin Mullin,M001225,,rep,CA,Democrat,D,100.0,auto,$734953,734953,$22889,22889,3.11%,3.11,Raised over $100k
GonzalezVicente Gonzalez (D),Vicente Gonzalez,Vicente Gonzalez,G000581,,rep,TX,Democrat,D,100.0,auto,$2484862,2484862,$77250,77250,3.11%,3.11,Raised over $100k
CareyMike Carey (R),Mike Carey,Mike Carey,C001126,,rep,OH,Republican,R,100.0,auto,$2644015,2644015,$80421,80421,3.04%,3.04,Raised over $100k
CardinBen Cardin (D),Benjamin L. Cardin,Benjamin L. Cardin,C000141,,sen,MD,Democrat,D,100.0,manual,$359838,359838,$10926,10926,3.04%,3.04,Raised over $100k
ClarkeYvette Clarke (D),Yvette Clarke,Yvette D. Clarke,C001067,,rep,NY,Democrat,D,89.7,auto,$1095516,1095516,$32916,32916,3.00%,3.0,Raised over $100k
FranklinScott Franklin (R),Scott Franklin,Scott Franklin,F000472,,rep,FL,Republican,R,100.0,auto,$664056,664056,$19575,19575,2.95%,2.95,Raised over $100k
LieuTed Lieu (D),Ted Lieu,Ted Lieu,L000582,,rep,CA,Democrat,D,100.0,auto,$2569823,2569823,$75354,75354,2.93%,2.93,Raised over $100k
SchweikertDavid Schweikert (R),David Schweikert,David Schweikert,S001183,,rep,AZ,Republican,R,100.0,auto,$4177660,4177660,$121838,121838,2.92%,2.92,Raised over $100k
MooreGwen Moore (D),Gwen Moore,Gwen Moore,M001160,,rep,WI,Democrat,D,100.0,auto,$1342845,1342845,$38668,38668,2.88%,2.88,Raised over $100k
AllenRichard W Allen (R),Richard W Allen,Rick W. Allen,A000372,,rep,GA,Republican,R,78.6,auto,$1217539,1217539,$34588,34588,2.84%,2.84,Raised over $100k
VanBeth Van Duyne (R),Gabe Vasquez,Gabe Vasquez,V000136,,rep,NM,Democrat,R,100.0,manual,$3124044,3124044,$88454,88454,2.83%,2.83,Raised over $100k
CarbajalSalud Carbajal (D),Salud Carbajal,Salud O. Carbajal,C001112,,rep,CA,Democrat,D,90.3,auto,$2014463,2014463,$57016,57016,2.83%,2.83,Raised over $100k
EdwardsChuck Edwards (R),Chuck Edwards,Chuck Edwards,E000246,,rep,NC,Republican,R,100.0,auto,$1211362,1211362,$34041,34041,2.81%,2.81,Raised over $100k
GriffithMorgan Griffith (R),Morgan Griffith,H. Morgan Griffith,G000568,,rep,VA,Republican,R,90.9,auto,$1002134,1002134,$28088,28088,2.80%,2.8,Raised over $100k
WomackSteve Womack (R),Steve Womack,Steve Womack,W000809,,rep,AR,Republican,R,100.0,auto,$2464039,2464039,$68506,68506,2.78%,2.78,Raised over $100k
AlfordMark Alford (R),Mark Alford,Mark Alford,A000379,,rep,MO,Republican,R,100.0,auto,$1303886,1303886,$36162,36162,2.77%,2.77,Raised over $100k
BishopSanford Bishop (D),Sanford Bishop,"Sanford D. Bishop, Jr.",B000490,,rep,GA,Democrat,D,77.8,auto,$1890477,1890477,$52140,52140,2.76%,2.76,Raised over $100k
MagazinerSeth Magaziner (D),Seth Magaziner,Seth Magaziner,M001223,,rep,RI,Democrat,D,100.0,auto,$1966159,1966159,$52629,52629,2.68%,2.68,Raised over $100k
ValadaoDavid Valadao (R),David Valadao,David G. Valadao,V000129,,rep,CA,Republican,R,89.7,auto,$4873747,4873747,$130413,130413,2.68%,2.68,Raised over $100k
BaconDon Bacon (R),Don Bacon,Don Bacon,B001298,,rep,NE,Republican,R,100.0,auto,$6328059,6328059,$169262,169262,2.67%,2.67,Raised over $100k
CrapoMike Crapo (R),Mike Crapo,Mike Crapo,C000880,,sen,ID,Republican,R,100.0,auto,$6725668,6725668,$177593,177593,2.64%,2.64,Raised over $100k
MoranNathaniel Moran (R),Nathaniel Moran,Nathaniel Moran,M001224,,rep,TX,Republican,R,100.0,auto,$1060132,1060132,$27967,27967,2.64%,2.64,Raised over $100k
KellyTrent Kelly (R),Trent Kelly,Trent Kelly,K000388,,rep,MS,Republican,R,100.0,auto,$1278331,1278331,$33712,33712,2.64%,2.64,Raised over $100k
GarbarinoAndrew Garbarino (R),Andrew Garbarino,Andrew R. Garbarino,G000597,,rep,NY,Republican,R,91.4,auto,$3760308,3760308,$98845,98845,2.63%,2.63,Raised over $100k
BoozmanJohn Boozman (R),John Boozman,John Boozman,B001236,,sen,AR,Republican,R,100.0,auto,$8151176,8151176,$210678,210678,2.58%,2.58,Raised over $100k
SewellTerri Sewell (D),Terri Sewell,Terri A. Sewell,S001185,,rep,AL,Democrat,D,88.9,auto,$3026359,3026359,$78204,78204,2.58%,2.58,Raised over $100k
LattaBob Latta (R),Robert E. Latta,Robert E. Latta,L000566,,rep,OH,Republican,R,100.0,manual,$1978670,1978670,$50117,50117,2.53%,2.53,Raised over $100k
HolmesEleanor Holmes Norton (D),Eleanor Holmes Norton,Eleanor Holmes Norton,N000147,,rep,DC,Democrat,D,100.0,manual,$286817,286817,$7167,7167,2.50%,2.5,Raised over $100k
ThompsonGlenn Thompson (R),Glenn Thompson,Glenn Thompson,T000467,,rep,PA,Republican,R,100.0,auto,$2819758,2819758,$69998,69998,2.48%,2.48,Raised over $100k
EvansDwight Evans (D),Dwight Evans,Dwight Evans,E000296,,rep,PA,Democrat,D,100.0,auto,$975610,975610,$24107,24107,2.47%,2.47,Raised over $100k
RickettsPete Ricketts (R),Pete Ricketts,Pete Ricketts,R000618,,sen,NE,Republican,R,100.0,auto,$5862005,5862005,$144252,144252,2.46%,2.46,Raised over $100k
FletcherLizzie Fletcher (D),Lizzie Fletcher,Lizzie Fletcher,F000468,,rep,TX,Democrat,D,100.0,auto,$2412593,2412593,$59050,59050,2.45%,2.45,Raised over $100k
LaLotaNick LaLota (R),Nick LaLota,Nick LaLota,L000598,,rep,NY,Republican,R,100.0,auto,$4059577,4059577,$97337,97337,2.40%,2.4,Raised over $100k
GaramendiJohn Garamendi (D),John Garamendi,John Garamendi,G000559,,rep,CA,Democrat,D,100.0,auto,$1093484,1093484,$25754,25754,2.36%,2.36,Raised over $100k
EzellMike Ezell (R),Mike Ezell,Mike Ezell,E000235,,rep,MS,Republican,R,100.0,auto,$1214460,1214460,$28525,28525,2.35%,2.35,Raised over $100k
MatsuiDoris Matsui (D),Doris Matsui,Doris O. Matsui,M001163,,rep,CA,Democrat,D,88.9,auto,$1227949,1227949,$28623,28623,2.33%,2.33,Raised over $100k
NewhouseDan Newhouse (R),Dan Newhouse,Dan Newhouse,N000189,,rep,WA,Republican,R,100.0,auto,$2510756,2510756,$56759,56759,2.26%,2.26,Raised over $100k
BilirakisGus Bilirakis (R),Gus Bilirakis,Gus M. Bilirakis,B001257,,rep,FL,Republican,R,89.7,auto,$1750413,1750413,$39487,39487,2.26%,2.26,Raised over $100k
MoolenaarJohn Moolenaar (R),John Moolenaar,John R. Moolenaar,M001194,,rep,MI,Republican,R,90.3,auto,$2123784,2123784,$47865,47865,2.25%,2.25,Raised over $100k
FoxxVirginia Foxx (R),Virginia Foxx,Virginia Foxx,F000450,,rep,NC,Republican,R,100.0,auto,$2361025,2361025,$52958,52958,2.24%,2.24,Raised over $100k
ManchinJoe Manchin (D),"Joe Manchin, III","Joe Manchin, III",M001183,,sen,WV,Independent,D,100.0,manual,$8654338,8654338,$192519,192519,2.22%,2.22,Raised over $100k
FallonPatrick Fallon (R),Patrick Fallon,Pat Fallon,F000246,,rep,TX,Republican,R,83.3,auto,$746316,746316,$16380,16380,2.19%,2.19,Raised over $100k
BuchananVernon Buchanan (R),Vernon Buchanan,Vern Buchanan,B001260,,rep,FL,Republican,R,92.9,auto,$1821782,1821782,$39275,39275,2.16%,2.16,Raised over $100k
MaloyCeleste Maloy (R),Celeste Maloy,Celeste Maloy,M001228,,rep,UT,Republican,R,100.0,auto,$1884367,1884367,$39728,39728,2.11%,2.11,Raised over $100k
DuarteJohn Duarte (R),Mark DeSaulnier,Mark DeSaulnier,D000623,,rep,CA,Democrat,R,100.0,manual,$4522961,4522961,$94056,94056,2.08%,2.08,Raised over $100k
WittmanRob Wittman (R),Rob Wittman,Robert J. Wittman,W000804,,rep,VA,Republican,R,78.6,auto,$2793849,2793849,$56973,56973,2.04%,2.04,Raised over $100k
ThompsonBennie G Thompson (D),Bennie G Thompson,Bennie G. Thompson,T000193,,rep,MS,Democrat,D,97.1,auto,$1232971,1232971,$24416,24416,1.98%,1.98,Raised over $100k
EscobarVeronica Escobar (D),Veronica Escobar,Veronica Escobar,E000299,,rep,TX,Democrat,D,100.0,auto,$1331009,1331009,$26336,26336,1.98%,1.98,Raised over $100k
EshooAnna Eshoo (D),Anna G. Eshoo,Anna G. Eshoo,E000215,,rep,CA,Democrat,D,100.0,manual,$534701,534701,$10278,10278,1.92%,1.92,Raised over $100k
LoudermilkBarry Loudermilk (R),Barry Loudermilk,Barry Loudermilk,L000583,,rep,GA,Republican,R,100.0,auto,$826341,826341,$15796,15796,1.91%,1.91,Raised over $100k
HernKevin Hern (R),Kevin Hern,Kevin Hern,H001082,,rep,OK,Republican,R,100.0,auto,$1932671,1932671,$36443,36443,1.89%,1.89,Raised over $100k
HoyerSteny H Hoyer (D),Steny H Hoyer,Steny H. Hoyer,H000874,,rep,MD,Democrat,D,96.3,auto,$1703494,1703494,$30478,30478,1.79%,1.79,Raised over $100k
MooreBarry Moore (R),Barry Moore,Barry Moore,M001212,,rep,AL,Republican,R,100.0,auto,$1059645,1059645,$18687,18687,1.76%,1.76,Raised over $100k
GravesSam Graves (R),Sam Graves,Sam Graves,G000546,,rep,MO,Republican,R,100.0,auto,$2766383,2766383,$48474,48474,1.75%,1.75,Raised over $100k
BeattyJoyce Beatty (D),Joyce Beatty,Joyce Beatty,B001281,,rep,OH,Democrat,D,100.0,auto,$1810215,1810215,$31503,31503,1.74%,1.74,Raised over $100k
LetlowJulia Letlow (R),Julia Letlow,Julia Letlow,L000595,,rep,LA,Republican,R,100.0,auto,$2581985,2581985,$44446,44446,1.72%,1.72,Raised over $100k
MoylanJames C. Moylan (R),James C. Moylan,James C. Moylan,M001219,,rep,GU,Republican,R,100.0,auto,$288357,288357,$4940,4940,1.71%,1.71,Raised over $100k
SmuckerLloyd Smucker (R),Lloyd Smucker,Lloyd Smucker,S001199,,rep,PA,Republican,R,100.0,auto,$1771863,1771863,$29706,29706,1.68%,1.68,Raised over $100k
CaseEd Case (D),Ed Case,Ed Case,C001055,,rep,HI,Democrat,D,100.0,auto,$699440,699440,$11667,11667,1.67%,1.67,Raised over $100k
BaldersonTroy Balderson (R),Troy Balderson,Troy Balderson,B001306,,rep,OH,Republican,R,100.0,auto,$2116544,2116544,$34285,34285,1.62%,1.62,Raised over $100k
AderholtRobert B Aderholt (R),Robert B Aderholt,Robert B. Aderholt,A000055,,rep,AL,Republican,R,97.1,auto,$1470649,1470649,$23428,23428,1.59%,1.59,Raised over $100k
MoranJerry Moran (R),Jerry Moran,Jerry Moran,M000934,,sen,KS,Republican,R,100.0,auto,$8576792,8576792,$135629,135629,1.58%,1.58,Raised over $100k
DoggettLloyd Doggett (D),Lloyd Doggett,Lloyd Doggett,D000399,,rep,TX,Democrat,D,100.0,auto,$1541264,1541264,$23993,23993,1.56%,1.56,Raised over $100k
MurphyGreg Murphy (R),Greg Murphy,Gregory F. Murphy,M001210,,rep,NC,Republican,R,78.6,auto,$1872623,1872623,$28798,28798,1.54%,1.54,Raised over $100k
FloodMike Flood (R),Mike Flood,Mike Flood,F000474,,rep,NE,Republican,R,100.0,auto,$2005390,2005390,$30685,30685,1.53%,1.53,Raised over $100k
LeeLaurel Lee (R),Laurel Lee,Laurel M. Lee,L000597,,rep,FL,Republican,R,87.0,auto,$1959920,1959920,$29777,29777,1.52%,1.52,Raised over $100k
DavidsonWarren Davidson (R),Warren Davidson,Warren Davidson,D000626,,rep,OH,Republican,R,100.0,auto,$1119756,1119756,$16900,16900,1.51%,1.51,Raised over $100k
EspaillatAdriano Espaillat (D),Adriano Espaillat,Adriano Espaillat,E000297,,rep,NY,Democrat,D,100.0,auto,$1358380,1358380,$20388,20388,1.50%,1.5,Raised over $100k
WeberRandy Weber (R),Randy Weber,"Randy K. Weber, Sr.",W000814,,rep,TX,Republican,R,73.3,auto,$1109497,1109497,$16583,16583,1.49%,1.49,Raised over $100k
HouchinErin Houchin (R),Erin Houchin,Erin Houchin,H001093,,rep,IN,Republican,R,100.0,auto,$1710956,1710956,$25542,25542,1.49%,1.49,Raised over $100k
KellyMike Kelly (R),Mike Kelly,Mike Kelly,K000376,,rep,PA,Republican,R,100.0,auto,$1623257,1623257,$23689,23689,1.46%,1.46,Raised over $100k
FongVince Fong (R),Vince Fong,Vince Fong,F000480,,rep,CA,Republican,R,100.0,auto,$2306087,2306087,$33324,33324,1.45%,1.45,Raised over $100k
SotoDarren Soto (D),Darren Soto,Darren Soto,S001200,,rep,FL,Democrat,D,100.0,auto,$2131678,2131678,$30415,30415,1.43%,1.43,Raised over $100k
ReedJack Reed (D),Jack Reed,Jack Reed,R000122,,sen,RI,Democrat,D,100.0,auto,$4011226,4011226,$57029,57029,1.42%,1.42,Raised over $100k
CarterJohn Carter (R),John Carter,John R. Carter,C001051,,rep,TX,Republican,R,88.0,auto,$1199483,1199483,$16620,16620,1.39%,1.39,Raised over $100k
MengGrace Meng (D),Grace Meng,Grace Meng,M001188,,rep,NY,Democrat,D,100.0,auto,$2088472,2088472,$28381,28381,1.36%,1.36,Raised over $100k
JoyceDavid P Joyce (R),David P Joyce,David P. Joyce,J000295,,rep,OH,Republican,R,96.3,auto,$2425913,2425913,$32423,32423,1.34%,1.34,Raised over $100k
SanchezLinda Sanchez (D),Linda T. Sánchez,Linda T. Sánchez,S001156,,rep,CA,Democrat,D,100.0,manual,$1536204,1536204,$20386,20386,1.33%,1.33,Raised over $100k
PetersScott Peters (D),Scott Peters,Scott H. Peters,P000608,,rep,CA,Democrat,D,88.9,auto,$2257820,2257820,$29743,29743,1.32%,1.32,Raised over $100k
MenendezRobert Menendez (D),Robert Menendez,Robert Menendez,M001226,,rep,NJ,Democrat,D,100.0,auto,$10861614,10861614,$142609,142609,1.31%,1.31,Raised over $100k
LambornDoug Lamborn (R),Doug Lamborn,Doug Lamborn,L000564,,rep,CO,Republican,R,100.0,manual,$215564,215564,$2790,2790,1.29%,1.29,Raised over $100k
QuigleyMike Quigley (D),Mike Quigley,Mike Quigley,Q000023,,rep,IL,Democrat,D,100.0,auto,$1080428,1080428,$13915,13915,1.29%,1.29,Raised over $100k
WestermanBruce Westerman (R),Bruce Westerman,Bruce Westerman,W000821,,rep,AR,Republican,R,100.0,auto,$2687010,2687010,$33982,33982,1.26%,1.26,Raised over $100k
ScottAustin Scott (R),Austin Scott,Austin Scott,S001189,,rep,GA,Republican,R,100.0,auto,$1216676,1216676,$15354,15354,1.26%,1.26,Raised over $100k
BarraganNanette Barragan (D),Nanette Diaz Barragán,Nanette Diaz Barragán,B001300,,rep,CA,Democrat,D,100.0,manual,$1247135,1247135,$15674,15674,1.26%,1.26,Raised over $100k
HillFrench Hill (R),French Hill,J. French Hill,H001072,,rep,AR,Republican,R,88.0,auto,$3776307,3776307,$46958,46958,1.24%,1.24,Raised over $100k
BabinBrian Babin (R),Brian Babin,Brian Babin,B001291,,rep,TX,Republican,R,100.0,auto,$1168395,1168395,$14288,14288,1.22%,1.22,Raised over $100k
StrongDale Strong (R),Dale Strong,Dale W. Strong,S001220,,rep,AL,Republican,R,88.0,auto,$1283179,1283179,$15016,15016,1.17%,1.17,Raised over $100k
WatersMaxine Waters (D),Maxine Waters,Maxine Waters,W000187,,rep,CA,Democrat,D,100.0,auto,$1091817,1091817,$12512,12512,1.15%,1.15,Raised over $100k
IveyGlenn Ivey (D),Glenn Ivey,Glenn Ivey,I000058,,rep,MD,Democrat,D,100.0,auto,$907644,907644,$10244,10244,1.13%,1.13,Raised over $100k
JohnsonDusty Johnson (R),Dusty Johnson,Dusty Johnson,J000301,,rep,SD,Republican,R,100.0,auto,$4376687,4376687,$49222,49222,1.12%,1.12,Raised over $100k
FitzpatrickBrian Fitzpatrick (R),Brian Fitzpatrick,Brian K. Fitzpatrick,F000466,,rep,PA,Republican,R,91.9,auto,$6307840,6307840,$69623,69623,1.10%,1.1,Raised over $100k
HuizengaBill Huizenga (R),Bill Huizenga,Bill Huizenga,H001058,,rep,MI,Republican,R,100.0,auto,$3106375,3106375,$33791,33791,1.09%,1.09,Raised over $100k
KamlagerSydney Kamlager (D),Sydney Kamlager-Dove,Sydney Kamlager-Dove,K000400,,rep,CA,Democrat,D,100.0,manual,$1035793,1035793,$11100,11100,1.07%,1.07,Raised over $100k
DesjarlaisScott Desjarlais (R),Scott Desjarlais,Scott DesJarlais,D000616,,rep,TN,Republican,R,93.8,auto,$305705,305705,$3195,3195,1.05%,1.05,Raised over $100k
ShermanBrad Sherman (D),Brad Sherman,Brad Sherman,S000344,,rep,CA,Democrat,D,100.0,auto,$2036647,2036647,$21162,21162,1.04%,1.04,Raised over $100k
Cherfilus-McCormickSheila Cherfilus-McCormick (D),Sheila Cherfilus-McCormick,Sheila Cherfilus-McCormick,C001127,,rep,FL,Democrat,D,100.0,auto,$491758,491758,$5092,5092,1.04%,1.04,Raised over $100k
GomezJimmy Gomez (D),Jimmy Gomez,Jimmy Gomez,G000585,,rep,CA,Democrat,D,100.0,auto,$2206489,2206489,$22811,22811,1.03%,1.03,Raised over $100k
GuthrieBrett Guthrie (R),Brett Guthrie,Brett Guthrie,G000558,,rep,KY,Republican,R,100.0,auto,$3829929,3829929,$38277,38277,1.00%,1.0,Raised over $100k
LucasFrank D Lucas (R),Frank D Lucas,Frank D. Lucas,L000491,,rep,OK,Republican,R,96.3,auto,$1710072,1710072,$16768,16768,0.98%,0.98,Raised over $100k
GimenezCarlos Gimenez (R),Carlos Gimenez,Carlos A. Gimenez,G000593,,rep,FL,Republican,R,90.3,auto,$1125646,1125646,$10379,10379,0.92%,0.92,Raised over $100k
CrawfordRick Crawford (R),"Eric A. ""Rick"" Crawford","Eric A. ""Rick"" Crawford",C001087,,rep,AR,Republican,R,100.0,manual,$1097029,1097029,$10023,10023,0.91%,0.91,Raised over $100k
GottheimerJosh Gottheimer (D),Josh Gottheimer,Josh Gottheimer,G000583,,rep,NJ,Democrat,D,100.0,auto,$10084137,10084137,$91712,91712,0.91%,0.91,Raised over $100k
CarterTroy Carter (D),Troy Carter,Troy A. Carter,C001125,,rep,LA,Democrat,D,88.0,auto,$1998421,1998421,$17137,17137,0.86%,0.86,Raised over $100k
BlumenauerEarl Blumenauer (D),Earl Blumenauer,Earl Blumenauer,B000574,,rep,OR,Democrat,D,100.0,manual,$1030088,1030088,$8808,8808,0.86%,0.86,Raised over $100k
JacksonJonathan Jackson (D),Jonathan Jackson,Jonathan L. Jackson,J000309,,rep,IL,Democrat,D,91.4,auto,$558906,558906,$4673,4673,0.84%,0.84,Raised over $100k
RouzerDavid Rouzer (R),David Rouzer,David Rouzer,R000603,,rep,NC,Republican,R,100.0,auto,$1776402,1776402,$14178,14178,0.80%,0.8,Raised over $100k
GuestMichael Guest (R),Michael Guest,Michael Guest,G000591,,rep,MS,Republican,R,100.0,auto,$924939,924939,$7179,7179,0.78%,0.78,Raised over $100k
RogersMike D Rogers (R),Mike D Rogers,Mike Rogers,R000575,,rep,AL,Republican,R,91.7,auto,$2871792,2871792,$21916,21916,0.76%,0.76,Raised over $100k
VeaseyMarc Veasey (D),Marc Veasey,Marc A. Veasey,V000131,,rep,TX,Democrat,D,88.0,auto,$1863889,1863889,$14212,14212,0.76%,0.76,Raised over $100k
EstesRon Estes (R),Ron Estes,Ron Estes,E000298,,rep,KS,Republican,R,100.0,auto,$2261595,2261595,$17051,17051,0.75%,0.75,Raised over $100k
CuellarHenry Cuellar (D),Henry Cuellar,Henry Cuellar,C001063,,rep,TX,Democrat,D,100.0,auto,$2438318,2438318,$18016,18016,0.74%,0.74,Raised over $100k
MannTracey Mann (R),Tracey Mann,Tracey Mann,M000871,,rep,KS,Republican,R,100.0,auto,$1368783,1368783,$9935,9935,0.73%,0.73,Raised over $100k
AuchinclossJake Auchincloss (D),Jake Auchincloss,Jake Auchincloss,A000148,,rep,MA,Democrat,D,100.0,auto,$3479676,3479676,$24613,24613,0.71%,0.71,Raised over $100k
RuppersbergerDutch Ruppersberger (D),C. A. Dutch Ruppersberger,C. A. Dutch Ruppersberger,R000576,,rep,MD,Democrat,D,100.0,manual,$359813,359813,$2531,2531,0.70%,0.7,Raised over $100k
NorcrossDon Norcross (D),Don Norcross,Donald Norcross,N000188,,rep,NJ,Democrat,D,88.9,auto,$2187063,2187063,$15294,15294,0.70%,0.7,Raised over $100k
WilliamsRoger Williams (R),Roger Williams,Roger Williams,W000816,,rep,TX,Republican,R,100.0,auto,$1858870,1858870,$12991,12991,0.70%,0.7,Raised over $100k
WilsonFrederica Wilson (D),Frederica Wilson,Frederica S. Wilson,W000808,,rep,FL,Democrat,D,91.4,auto,$485428,485428,$3315,3315,0.68%,0.68,Raised over $100k
SessionsPete Sessions (R),Pete Sessions,Pete Sessions,S000250,,rep,TX,Republican,R,100.0,auto,$1239311,1239311,$8184,8184,0.66%,0.66,Raised over $100k
TurnerMichael R Turner (R),Michael R Turner,Michael R. Turner,T000463,,rep,OH,Republican,R,97.0,auto,$1237218,1237218,$8136,8136,0.66%,0.66,Raised over $100k
SimpsonMike Simpson (R),Mike Simpson,Michael K. Simpson,S001148,,rep,ID,Republican,R,73.3,auto,$1543835,1543835,$9444,9444,0.61%,0.61,Raised over $100k
PalloneFrank Pallone Jr. (D),Frank Pallone Jr.,"Frank Pallone, Jr.",P000034,,rep,NJ,Democrat,D,97.1,auto,$3455759,3455759,$20693,20693,0.60%,0.6,Raised over $100k
TimmonsWilliam Timmons (R),William Timmons,William R. Timmons IV,T000480,,rep,SC,Republican,R,83.3,auto,$1329634,1329634,$7814,7814,0.59%,0.59,Raised over $100k
GarciaSylvia Garcia (D),Sylvia Garcia,Sylvia R. Garcia,G000587,,rep,TX,Democrat,D,89.7,auto,$929198,929198,$5347,5347,0.58%,0.58,Raised over $100k
MfumeKweisi Mfume (D),Kweisi Mfume,Kweisi Mfume,M000687,,rep,MD,Democrat,D,100.0,auto,$526322,526322,$2859,2859,0.54%,0.54,Raised over $100k
MenendezRob Menendez (D),Rob Menendez,Robert Menendez,M001226,,rep,NJ,Democrat,D,88.9,auto,$2371989,2371989,$12811,12811,0.54%,0.54,Raised over $100k
BoyleBrendan Boyle (D),Brendan Boyle,Brendan F. Boyle,B001296,,rep,PA,Democrat,D,89.7,auto,$2328291,2328291,$12559,12559,0.54%,0.54,Raised over $100k
CurtisJohn Curtis (R),John Curtis,John R. Curtis,C001114,,sen,UT,Republican,R,88.0,auto,$5632555,5632555,$30244,30244,0.54%,0.54,Raised over $100k
ArmstrongKelly Armstrong (R),Kelly Armstrong,Kelly Armstrong,A000377,,rep,ND,Republican,R,100.0,manual,$661893,661893,$3519,3519,0.53%,0.53,Raised over $100k
MeuserDan Meuser (R),Dan Meuser,Daniel Meuser,M001204,,rep,PA,Republican,R,87.0,auto,$1749222,1749222,$9025,9025,0.52%,0.52,Raised over $100k
GoodenLance Gooden (R),Lance Gooden,Lance Gooden,G000589,,rep,TX,Republican,R,100.0,auto,$1136644,1136644,$5752,5752,0.51%,0.51,Raised over $100k
ArringtonJodey Arrington (R),Jodey Arrington,Jodey C. Arrington,A000375,,rep,TX,Republican,R,90.9,auto,$3247143,3247143,$16135,16135,0.50%,0.5,Raised over $100k
ThanedarShri Thanedar (D),Shri Thanedar,Shri Thanedar,T000488,,rep,MI,Democrat,D,100.0,auto,$9477463,9477463,$44352,44352,0.47%,0.47,Raised over $100k
ObernolteJay Obernolte (R),Jay Obernolte,Jay Obernolte,O000019,,rep,CA,Republican,R,100.0,auto,$1365378,1365378,$6374,6374,0.47%,0.47,Raised over $100k
BeanAaron Bean (R),Aaron Bean,Aaron Bean,B001314,,rep,FL,Republican,R,100.0,auto,$1729436,1729436,$7757,7757,0.45%,0.45,Raised over $100k
CohenSteve Cohen (D),Steve Cohen,Steve Cohen,C001068,,rep,TN,Democrat,D,100.0,auto,$657841,657841,$2949,2949,0.45%,0.45,Raised over $100k
KustoffDavid Kustoff (R),David Kustoff,David Kustoff,K000392,,rep,TN,Republican,R,100.0,auto,$2410700,2410700,$10759,10759,0.45%,0.45,Raised over $100k
MillerCarol Miller (R),Carol Miller,Carol D. Miller,M001205,,rep,WV,Republican,R,88.9,auto,$1708912,1708912,$7411,7411,0.43%,0.43,Raised over $100k
AmodeiMark Amodei (R),Mark Amodei,Mark E. Amodei,A000369,,rep,NV,Republican,R,88.0,auto,$1277056,1277056,$5525,5525,0.43%,0.43,Raised over $100k
LynchStephen Lynch (D),Stephen Lynch,Stephen F. Lynch,L000562,,rep,MA,Democrat,D,89.7,auto,$709924,709924,$3036,3036,0.43%,0.43,Raised over $100k
GravesGarret Graves (R),Garret Graves,Garret Graves,G000577,,rep,LA,Republican,R,100.0,manual,$2444756,2444756,$9788,9788,0.40%,0.4,Raised over $100k
CorreaLou Correa (D),Lou Correa,J. Luis Correa,C001110,,rep,CA,Democrat,D,75.0,auto,$1374209,1374209,$5236,5236,0.38%,0.38,Raised over $100k
SmithAdrian Smith (R),Adrian Smith,Adrian Smith,S001172,,rep,NE,Republican,R,100.0,auto,$1995681,1995681,$7209,7209,0.36%,0.36,Raised over $100k
RutherfordJohn Rutherford (R),John Rutherford,John H. Rutherford,R000609,,rep,FL,Republican,R,90.9,auto,$892110,892110,$3058,3058,0.34%,0.34,Raised over $100k
FergusonDrew Ferguson (R),A. Drew Ferguson IV,A. Drew Ferguson IV,F000465,,rep,GA,Republican,R,100.0,manual,$818067,818067,$2593,2593,0.32%,0.32,Raised over $100k
TorresNorma Torres (D),Norma Torres,Norma J. Torres,T000474,,rep,CA,Democrat,D,88.9,auto,$932869,932869,$2897,2897,0.31%,0.31,Raised over $100k
CostaJim Costa (D),Jim Costa,Jim Costa,C001059,,rep,CA,Democrat,D,100.0,auto,$1680778,1680778,$4980,4980,0.30%,0.3,Raised over $100k
RogersHal Rogers (R),Hal Rogers,Harold Rogers,R000395,,rep,KY,Republican,R,87.0,auto,$1052277,1052277,$3005,3005,0.29%,0.29,Raised over $100k
CardenasTony Cardenas (D),Tony Cárdenas,Tony Cárdenas,C001097,,rep,CA,Democrat,D,100.0,manual,$591968,591968,$1680,1680,0.28%,0.28,Raised over $100k
JoyceJohn Joyce (R),John Joyce,John Joyce,J000302,,rep,PA,Republican,R,100.0,auto,$1630617,1630617,$4164,4164,0.26%,0.26,Raised over $100k
FleischmannChuck Fleischmann (R),Chuck Fleischmann,"Charles J. ""Chuck"" Fleischmann",F000459,,rep,TN,Republican,R,72.3,auto,$1889740,1889740,$4653,4653,0.25%,0.25,Raised over $100k
TroneDavid Trone (D),Dina Titus,Dina Titus,T000468,,rep,NV,Democrat,D,100.0,manual,$63589345,63589345,$153586,153586,0.24%,0.24,Raised over $100k
PalmerGary Palmer (R),Gary Palmer,Gary J. Palmer,P000609,,rep,AL,Republican,R,88.0,auto,$1714523,1714523,$4120,4120,0.24%,0.24,Raised over $100k
VargasJuan Vargas (D),Juan Vargas,Juan Vargas,V000130,,rep,CA,Democrat,D,100.0,auto,$790625,790625,$1857,1857,0.23%,0.23,Raised over $100k
GrangerKay Granger (R),Kay Granger,Kay Granger,G000377,,rep,TX,Republican,R,100.0,manual,$975070,975070,$2160,2160,0.22%,0.22,Raised over $100k
MeeksGregory Meeks (D),Gregory Meeks,Gregory W. Meeks,M001137,,rep,NY,Democrat,D,89.7,auto,$3025012,3025012,$6535,6535,0.22%,0.22,Raised over $100k
Diaz-BalartMario Diaz-Balart (R),Mario Diaz-Balart,Mario Diaz-Balart,D000600,,rep,FL,Republican,R,100.0,auto,$2358126,2358126,$4745,4745,0.20%,0.2,Raised over $100k
MooreBlake Moore (R),Blake Moore,Blake D. Moore,M001213,,rep,UT,Republican,R,88.0,auto,$2464666,2464666,$4478,4478,0.18%,0.18,Raised over $100k
ScottDavid Scott (D),David Scott,David Scott,S001157,,rep,GA,Democrat,D,100.0,auto,$1203985,1203985,$2158,2158,0.18%,0.18,Raised over $100k
ColemanAmata Coleman Radewagen (R),manAmata Coleman Radewagen,,,,,,,R,35.3,no_match,$65150,65150,$100,100,0.15%,0.15,Raised less than $100k
GonzalezJenniffer Gonzalez (3),Jenniffer Gonzalez,Vicente Gonzalez,G000581,,rep,TX,Democrat,,70.6,auto,$1040662,1040662,$1427,1427,0.14%,0.14,Raised over $100k
MillerMax Miller (R),Max Miller,Max L. Miller,M001222,,rep,OH,Republican,R,87.0,auto,$1907382,1907382,$2610,2610,0.14%,0.14,Raised over $100k
NealRichard E Neal (D),Richard E Neal,Richard E. Neal,N000015,,rep,MA,Democrat,D,96.6,auto,$3251363,3251363,$4416,4416,0.14%,0.14,Raised over $100k
BucshonLarry Bucshon (R),Larry Bucshon,Larry Bucshon,B001275,,rep,IN,Republican,R,100.0,manual,$675577,675577,$727,727,0.11%,0.11,Raised over $100k
McHenryPatrick McHenry (R),Patrick T. McHenry,Patrick T. McHenry,M001156,,rep,NC,Republican,R,100.0,manual,$1873643,1873643,$1939,1939,0.10%,0.1,Raised over $100k
PenceGreg Pence (R),Greg Pence,Greg Pence,P000615,,rep,IN,Republican,R,100.0,manual,$469760,469760,$485,485,0.10%,0.1,Raised over $100k
WhitehouseSheldon Whitehouse (D),Sheldon Whitehouse,Sheldon Whitehouse,W000802,,sen,RI,Democrat,D,100.0,auto,$6714499,6714499,$0,0,0.00%,0.0,Raised over $100k
SablanGregorio Sablan (I),Gregorio Kilili Camacho Sablan,Gregorio Kilili Camacho Sablan,S001177,,rep,MP,Democrat,I,100.0,manual,$2151,2151,$0,0,0.00%,0.0,Raised less than $100k
TrahanLori Trahan (D),Lori Trahan,Lori Trahan,T000482,,rep,MA,Democrat,D,100.0,auto,$1717667,1717667,$0,0,0.00%,0.0,Raised over $100k
NapolitanoGrace Napolitano (D),Grace F. Napolitano,Grace F. Napolitano,N000179,,rep,CA,Democrat,D,100.0,manual,$43101,43101,$0,0,0.00%,0.0,Raised less than $100k
